dataset,model,paradigm,task,group_col,group_value,n,mae,mse,median_ae,p90_ae,bias,n_cases,group_value_label
BPI12,gemma-2-2b,llm,NT,activity_current,3,34,0.1326755703810383,0.030638068911301,0.1155060827732086,0.2813884511590004,-0.0646367758950766,34,A_ACCEPTED
BPI12,gemma-2-2b,llm,NT,activity_current,7,43,0.0684761464552477,0.0069756351255495,0.0653925538063049,0.1234189331531524,0.0153631003746806,43,A_DECLINED
BPI12,gemma-2-2b,llm,NT,activity_current,8,40,0.1615973498672246,0.0609579786276132,0.0911826640367508,0.4629985153675081,-0.1217680182307958,40,A_FINALIZED
BPI12,gemma-2-2b,llm,NT,activity_current,9,86,0.1510810874142619,0.0254418603871828,0.160241313278675,0.1948600802570581,0.1250665705477775,86,A_PARTLYSUBMITTED
BPI12,gemma-2-2b,llm,NT,activity_current,10,60,0.093009578436613,0.0163959330808595,0.0721752718091011,0.2195557877421379,-0.0098112724721431,60,A_PREACCEPTED
BPI12,gemma-2-2b,llm,NT,activity_current,12,91,0.1239997506714784,0.0213422935549699,0.1248051524162292,0.181959543377161,0.0675707146279759,91,A_SUBMITTED
BPI12,gemma-2-2b,llm,NT,activity_current,14,37,0.3188193951280335,0.1374391498733383,0.3071385622024536,0.5570054143667221,0.0218258608208113,37,O_CANCELLED
BPI12,gemma-2-2b,llm,NT,activity_current,15,61,0.1360405689662658,0.0393680699599009,0.0736138671636581,0.2947192527353763,-0.0510615245935308,60,O_CREATED
BPI12,gemma-2-2b,llm,NT,activity_current,17,48,0.1279407086937377,0.0321876381206373,0.0742297172546386,0.3338863819837571,0.0061234936583787,48,O_SELECTED
BPI12,gemma-2-2b,llm,NT,activity_current,18,57,0.1488181622535513,0.0407339728833112,0.1069181263446807,0.3671814113855361,0.0693308954829709,57,O_SENT
BPI12,gemma-2-2b,llm,NT,activity_current,20,117,0.1333244305708979,0.0428424181839262,0.0922764688730239,0.2773518107831479,-0.0174744971351236,110,W_Afhandelen leads
BPI12,gemma-2-2b,llm,NT,activity_current,22,469,0.7314261137669199,4.128990891410625,0.2351418912876397,1.0778752058744423,-0.3553438654776587,371,W_Completeren aanvraag
BPI12,gemma-2-2b,llm,NT,activity_current,23,162,0.2728721695825641,0.3417677355838877,0.1189882308244705,0.5289650037884712,-0.2216082977843873,118,W_Nabellen incomplete dossiers
BPI12,gemma-2-2b,llm,NT,activity_current,24,385,0.8739963602088694,2.7620985521713246,0.277343038469553,2.8135980039834987,-0.5000205656929341,311,W_Nabellen offertes
BPI12,gemma-2-2b,llm,NT,activity_current,25,171,0.174386803011753,0.0678133277373705,0.127977192401886,0.346425250172615,-0.138744303515475,145,W_Valideren aanvraag
BPI12,llama32-1b,llm,NT,activity_current,3,34,0.1178584484493031,0.0184849495647719,0.0989799499511718,0.2013392180204391,-0.1178584484493031,34,A_ACCEPTED
BPI12,llama32-1b,llm,NT,activity_current,7,43,0.1231004314193891,0.0276538591659224,0.0716760158538818,0.2979467265307903,0.0729812843681767,43,A_DECLINED
BPI12,llama32-1b,llm,NT,activity_current,8,40,0.0614983800798654,0.0064457513556598,0.040586918592453,0.1080761313438415,-0.0293540153652429,40,A_FINALIZED
BPI12,llama32-1b,llm,NT,activity_current,9,86,0.0794128196877102,0.0087386959776523,0.0912261828780174,0.1408515870571136,-0.0443399978238482,86,A_PARTLYSUBMITTED
BPI12,llama32-1b,llm,NT,activity_current,10,60,0.1194772678116957,0.0160300325284172,0.1076307445764541,0.1630285188555717,-0.1194772678116957,60,A_PREACCEPTED
BPI12,llama32-1b,llm,NT,activity_current,12,91,0.0435045286194308,0.0020589507295622,0.0424284934997558,0.0668080300092697,-0.0209590163859692,91,A_SUBMITTED
BPI12,llama32-1b,llm,NT,activity_current,14,37,0.2626367964454599,0.0963108001766838,0.2310837805271148,0.5028363078832626,-0.2597423787858035,37,O_CANCELLED
BPI12,llama32-1b,llm,NT,activity_current,15,61,0.0749960588138611,0.0146573458835792,0.0418983101844787,0.1651487797498703,-0.0441472772203508,60,O_CREATED
BPI12,llama32-1b,llm,NT,activity_current,17,48,0.1270216619595885,0.0297221730384534,0.0655504688620567,0.2969121843576432,-0.1155706883097688,48,O_SELECTED
BPI12,llama32-1b,llm,NT,activity_current,18,57,0.2992872702970839,0.1113497655819879,0.2885268926620483,0.4806314706802367,-0.2974864388244194,57,O_SENT
BPI12,llama32-1b,llm,NT,activity_current,20,117,0.1364151910902598,0.0412466683903907,0.1060676127672195,0.2203130304813385,-0.046815118059898,110,W_Afhandelen leads
BPI12,llama32-1b,llm,NT,activity_current,22,469,0.6775238654052,4.242707323752858,0.1746492572128772,0.9389193111099304,-0.537010919819993,371,W_Completeren aanvraag
BPI12,llama32-1b,llm,NT,activity_current,23,162,0.2139597949974331,0.303543763659972,0.0619846284389495,0.4553110346198082,-0.1614774883161356,118,W_Nabellen incomplete dossiers
BPI12,llama32-1b,llm,NT,activity_current,24,385,0.8383644785320797,3.0017489671531847,0.1764832437038421,3.036658061295748,-0.7877540486405132,311,W_Nabellen offertes
BPI12,llama32-1b,llm,NT,activity_current,25,171,0.1361213451066212,0.0557302448105885,0.0914037078619003,0.2490556240081787,-0.1277593056186598,145,W_Valideren aanvraag
BPI12,rnn,sequence,NT,activity_current,3,34,0.1447751993203864,0.0381987922726282,0.1002428382635116,0.2960929065942764,-0.0449678873752846,34,A_ACCEPTED
BPI12,rnn,sequence,NT,activity_current,7,43,0.0735781485604685,0.0079904814588064,0.0655705630779266,0.1514862060546875,0.0315019316798032,43,A_DECLINED
BPI12,rnn,sequence,NT,activity_current,8,40,0.1400070171803236,0.0432572295423722,0.0817752927541732,0.3739054322242738,-0.11335777528584,40,A_FINALIZED
BPI12,rnn,sequence,NT,activity_current,9,86,0.1419825202590504,0.0321119298004218,0.1201933473348617,0.3139317184686661,-0.0314431122482516,86,A_PARTLYSUBMITTED
BPI12,rnn,sequence,NT,activity_current,10,60,0.1494026798134048,0.0379576108432883,0.1023514792323112,0.3614036157727242,-0.0603880958631634,60,A_PREACCEPTED
BPI12,rnn,sequence,NT,activity_current,12,91,0.1954217266219739,0.0535541561020627,0.1902266331017017,0.3493597656488418,0.0224617029908676,91,A_SUBMITTED
BPI12,rnn,sequence,NT,activity_current,14,37,0.215917310199222,0.0670389316518563,0.1940811723470688,0.4032529681921005,-0.2130421303414009,37,O_CANCELLED
BPI12,rnn,sequence,NT,activity_current,15,61,0.1366896245811806,0.0298851088292435,0.1156086772680282,0.290039598941803,-0.1126969449344228,60,O_CREATED
BPI12,rnn,sequence,NT,activity_current,17,48,0.1111752164239684,0.0275756744480573,0.071223497390747,0.2370020136237146,-0.0606683067356546,48,O_SELECTED
BPI12,rnn,sequence,NT,activity_current,18,57,0.1202786417122472,0.0240743587497801,0.0880938023328781,0.2563062757253647,-0.0747327973183832,57,O_SENT
BPI12,rnn,sequence,NT,activity_current,20,117,0.1826276027350726,0.0615600681612955,0.1454635560512542,0.3156688272953034,0.0369527374402198,110,W_Afhandelen leads
BPI12,rnn,sequence,NT,activity_current,22,469,0.7384373097206904,4.066084162825508,0.2716961093246937,1.0364024430513374,-0.4041210526263148,371,W_Completeren aanvraag
BPI12,rnn,sequence,NT,activity_current,23,162,0.2383703581649626,0.3066439039763767,0.083975613117218,0.466604170203209,-0.1565065275343066,118,W_Nabellen incomplete dossiers
BPI12,rnn,sequence,NT,activity_current,24,385,0.7883376024627163,2.2247676939953065,0.3253810852766037,2.61435016989708,-0.4464706856842068,311,W_Nabellen offertes
BPI12,rnn,sequence,NT,activity_current,25,171,0.1409785757385935,0.0477741076768562,0.1045354157686233,0.2569523993879556,-0.0175683904352069,145,W_Valideren aanvraag
BPI12,saprpt,tabular_fm,NT,activity_current,3,34,0.0060499796972555,4.40539013221164e-05,0.0061669275164604,0.0097665280103683,-0.0060499796972555,34,A_ACCEPTED
BPI12,saprpt,tabular_fm,NT,activity_current,7,43,0.0027449591908344,1.0678527150733025e-05,0.0030042380094528,0.0049818605184555,-0.0027449591908344,43,A_DECLINED
BPI12,saprpt,tabular_fm,NT,activity_current,8,40,0.0045363150537014,2.438369002446539e-05,0.0049573630094528,0.0069111362099647,-0.0045363150537014,40,A_FINALIZED
BPI12,saprpt,tabular_fm,NT,activity_current,9,86,0.0046726212252018,2.420366165211465e-05,0.0050483494997024,0.0062141492962837,-0.0046726212252018,86,A_PARTLYSUBMITTED
BPI12,saprpt,tabular_fm,NT,activity_current,10,60,0.0041787726183732,2.069833611374472e-05,0.0039838179945945,0.0069130882620811,-0.0041787726183732,60,A_PREACCEPTED
BPI12,saprpt,tabular_fm,NT,activity_current,12,91,0.0037364329283054,1.680558919263249e-05,0.0039831846952438,0.0049686580896377,-0.003716678901033,91,A_SUBMITTED
BPI12,saprpt,tabular_fm,NT,activity_current,14,37,0.0032630027145952,1.385441304377419e-05,0.0030042380094528,0.0055662035942077,-0.002182681415532,37,O_CANCELLED
BPI12,saprpt,tabular_fm,NT,activity_current,15,61,0.0017756218792962,7.556275467440845e-06,0.0010513663291931,0.0039811730384826,-0.0015317426353204,60,O_CREATED
BPI12,saprpt,tabular_fm,NT,activity_current,17,48,0.0025571544344226,1.1576269262074852e-05,0.002027690410614,0.0048082619905471,0.0014276675259073,48,O_SELECTED
BPI12,saprpt,tabular_fm,NT,activity_current,18,57,0.0058089591432036,4.892583928886536e-05,0.0048075914382934,0.0096904218196868,0.0058007603674604,57,O_SENT
BPI12,saprpt,tabular_fm,NT,activity_current,20,117,0.0734864850329537,0.0255666900103354,0.0276257544755935,0.1489536136388778,-0.0169771899524916,110,W_Afhandelen leads
BPI12,saprpt,tabular_fm,NT,activity_current,22,469,0.6917881545861925,4.242434146915558,0.1790557205677032,0.916656994819641,-0.3956486891358415,371,W_Completeren aanvraag
BPI12,saprpt,tabular_fm,NT,activity_current,23,162,0.2390986580263685,0.2844674735644386,0.1117937117815017,0.344758415222168,-0.061264330452239,118,W_Nabellen incomplete dossiers
BPI12,saprpt,tabular_fm,NT,activity_current,24,385,0.8585273883559487,2.7704830973958816,0.2139903008937835,2.970897722244263,-0.4964995750359126,311,W_Nabellen offertes
BPI12,saprpt,tabular_fm,NT,activity_current,25,171,0.0588423730859979,0.0315776809300552,0.0282457619905471,0.0409410744905471,-0.0111362443507066,145,W_Valideren aanvraag
BPI12,tabpfn3,tabular_fm,NT,activity_current,3,34,0.0018512760015094,4.994839056366865e-06,0.0014911964535713,0.0033400431275367,-0.0018227954997735,34,A_ACCEPTED
BPI12,tabpfn3,tabular_fm,NT,activity_current,7,43,0.0022554671348527,5.353150135141975e-06,0.0020884275436401,0.0027446329593658,-0.0022554671348527,43,A_DECLINED
BPI12,tabpfn3,tabular_fm,NT,activity_current,8,40,0.0023071516305208,5.531189433066741e-06,0.0023684278130531,0.0028934434056282,-0.0023071516305208,40,A_FINALIZED
BPI12,tabpfn3,tabular_fm,NT,activity_current,9,86,0.0022776665729145,5.506312433802427e-06,0.0022163912653923,0.0031169429421424,-0.0022776665729145,86,A_PARTLYSUBMITTED
BPI12,tabpfn3,tabular_fm,NT,activity_current,10,60,0.0022945744295914,5.466415626624125e-06,0.0023128464818,0.0028290450572967,-0.0022945744295914,60,A_PREACCEPTED
BPI12,tabpfn3,tabular_fm,NT,activity_current,12,91,0.0021432764255083,5.064182525685941e-06,0.0019871741533279,0.003039002418518,-0.0021432764255083,91,A_SUBMITTED
BPI12,tabpfn3,tabular_fm,NT,activity_current,14,37,0.0023935735225677,6.117658966808226e-06,0.002482458949089,0.0030350893735885,-0.0023935735225677,37,O_CANCELLED
BPI12,tabpfn3,tabular_fm,NT,activity_current,15,61,0.0020023550166458,4.439450410318312e-06,0.0020165145397186,0.0027640461921691,-0.001964801647624,60,O_CREATED
BPI12,tabpfn3,tabular_fm,NT,activity_current,17,48,0.0015970962122082,2.9762821727961444e-06,0.001712642610073,0.0023052901029586,-0.0015544720614949,48,O_SELECTED
BPI12,tabpfn3,tabular_fm,NT,activity_current,18,57,0.0012577372161965,2.435223532763885e-06,0.0011873394250869,0.0021051555871963,-0.0004428836860154,57,O_SENT
BPI12,tabpfn3,tabular_fm,NT,activity_current,20,117,0.0679837417048521,0.0203374728877565,0.0180859267711639,0.1759744368493557,8.473113879688784e-05,110,W_Afhandelen leads
BPI12,tabpfn3,tabular_fm,NT,activity_current,22,469,0.6555995091310403,4.274288322888488,0.1258031278848648,0.9954321555793284,-0.4580633624557104,371,W_Completeren aanvraag
BPI12,tabpfn3,tabular_fm,NT,activity_current,23,162,0.2088993801562874,0.2891893090022284,0.0550102144479751,0.3979160144925118,-0.1140996851486924,118,W_Nabellen incomplete dossiers
BPI12,tabpfn3,tabular_fm,NT,activity_current,24,385,0.8757888894624911,2.7001427573030914,0.3040278926491737,2.899961173534395,-0.461498570732482,311,W_Nabellen offertes
BPI12,tabpfn3,tabular_fm,NT,activity_current,25,171,0.0484122055315831,0.0323198869593658,0.0121229887008667,0.0336981862783432,-0.0262214593720017,145,W_Valideren aanvraag
BPI12,transformer,sequence,NT,activity_current,3,34,0.0272819053600816,0.0009766543079862,0.0282335504889488,0.0469064891338348,-0.0121182181379374,34,A_ACCEPTED
BPI12,transformer,sequence,NT,activity_current,7,43,0.0402826620049254,0.002734079839026,0.0284305959939956,0.075859335064888,-0.0270972950167434,43,A_DECLINED
BPI12,transformer,sequence,NT,activity_current,8,40,0.0989285016432404,0.0140409018011498,0.0979306101799011,0.1828022390604019,-0.0909968046471476,40,A_FINALIZED
BPI12,transformer,sequence,NT,activity_current,9,86,0.0652045933313148,0.0048815679957575,0.057504579424858,0.0987332612276077,-0.0652045933313148,86,A_PARTLYSUBMITTED
BPI12,transformer,sequence,NT,activity_current,10,60,0.0391859526435534,0.0025130123422307,0.0300700217485427,0.083205659687519,-0.0329647188385327,60,A_PREACCEPTED
BPI12,transformer,sequence,NT,activity_current,12,91,0.0482416970061731,0.0025129458222845,0.0492583811283111,0.0654337853193283,-0.0482416970061731,91,A_SUBMITTED
BPI12,transformer,sequence,NT,activity_current,14,37,0.1078197672157674,0.013599097293005,0.1200990304350853,0.1567295581102371,-0.0977569184190518,37,O_CANCELLED
BPI12,transformer,sequence,NT,activity_current,15,61,0.0632399188690498,0.0056808959317497,0.0505237132310867,0.1190672814846038,-0.0622692318236241,60,O_CREATED
BPI12,transformer,sequence,NT,activity_current,17,48,0.1039313646033406,0.0191463386490149,0.0785288587212562,0.268517279624939,-0.0757090806340177,48,O_SELECTED
BPI12,transformer,sequence,NT,activity_current,18,57,0.1613010021678188,0.0303807509207096,0.1704984903335571,0.2296159386634826,-0.1430955210275817,57,O_SENT
BPI12,transformer,sequence,NT,activity_current,20,117,0.0811495957020511,0.0275068071466015,0.0320779085159301,0.1639901369810106,-0.0714026037762817,110,W_Afhandelen leads
BPI12,transformer,sequence,NT,activity_current,22,469,0.6460633666243658,4.189246388692791,0.1013449430465698,1.0960508704185483,-0.5248942450974693,371,W_Completeren aanvraag
BPI12,transformer,sequence,NT,activity_current,23,162,0.2361823463421545,0.3324692613589222,0.0750192403793335,0.541029492020607,-0.2319286237068382,118,W_Nabellen incomplete dossiers
BPI12,transformer,sequence,NT,activity_current,24,385,0.7579480249337949,2.718028565535382,0.1254561394453048,3.006882233917715,-0.6941240180477306,311,W_Nabellen offertes
BPI12,transformer,sequence,NT,activity_current,25,171,0.1883623370824501,0.0656199290690911,0.1564625054597854,0.2190036475658416,-0.1883623370824501,145,W_Valideren aanvraag
BPI17,gemma-2-2b,llm,NT,activity_current,3,54,0.2127480628313841,0.0553847549988169,0.196667730808258,0.3628966942429542,-0.2125540061129464,54,A_Accepted
BPI17,gemma-2-2b,llm,NT,activity_current,5,60,0.1432380877435207,0.0239162010087706,0.1346044987440109,0.2172502189874649,-0.1432380877435207,60,A_Complete
BPI17,gemma-2-2b,llm,NT,activity_current,6,54,0.1821909363692005,0.0588407300569617,0.1596445739269256,0.3331182777881622,-0.1322838246339449,54,A_Concept
BPI17,gemma-2-2b,llm,NT,activity_current,7,43,0.1922376259814861,0.0407589609282563,0.1796782612800598,0.2907001972198487,-0.1922376259814861,43,A_Create Application
BPI17,gemma-2-2b,llm,NT,activity_current,9,35,0.1238763932670865,0.0209530951641917,0.1090907156467437,0.2309836417436599,-0.1195341965981892,35,A_Incomplete
BPI17,gemma-2-2b,llm,NT,activity_current,11,31,0.2634999545351151,0.0737225683925046,0.2692437469959259,0.3456249386072159,-0.2634999545351151,31,A_Submitted
BPI17,gemma-2-2b,llm,NT,activity_current,12,63,0.1354642465474113,0.0263182723113251,0.1156072318553924,0.2817030400037765,-0.1322152465581894,63,A_Validating
BPI17,gemma-2-2b,llm,NT,activity_current,14,37,0.2061781685900043,0.2621861457553182,0.1303810626268386,0.2981662601232528,-0.1819506750718967,37,O_Cancelled
BPI17,gemma-2-2b,llm,NT,activity_current,15,60,0.1872803476949532,0.0436650338782812,0.1770505309104919,0.2864873856306076,-0.1848905630409717,59,O_Create Offer
BPI17,gemma-2-2b,llm,NT,activity_current,16,72,0.1292048485742675,0.0218349870134368,0.1116724163293838,0.2323977053165435,-0.124468557536602,72,O_Created
BPI17,gemma-2-2b,llm,NT,activity_current,18,35,0.1716434129646846,0.0631235114735697,0.113977700471878,0.3127023577690124,-0.1637205924306597,35,O_Returned
BPI17,gemma-2-2b,llm,NT,activity_current,19,61,0.4756033094141815,2.7362674071226447,0.0998986959457397,0.6999291703104973,-0.2679331834260069,61,O_Sent (mail and online)
BPI17,gemma-2-2b,llm,NT,activity_current,22,329,0.8201909370247649,4.992772378007933,0.1891783289611339,1.326041406393051,-0.5162651856390245,324,W_Call after offers
BPI17,gemma-2-2b,llm,NT,activity_current,23,326,0.2427949407959265,0.2696940205526308,0.1390379928052425,0.3163834698498249,-0.1960377424928228,313,W_Call incomplete files
BPI17,gemma-2-2b,llm,NT,activity_current,24,247,0.2672963133949017,0.2280824862031566,0.1819945052266121,0.4356875866651535,-0.260679582322416,244,W_Complete application
BPI17,gemma-2-2b,llm,NT,activity_current,25,76,0.1965886633353013,0.0461794333256458,0.1902422830462455,0.2840858995914459,-0.1957883552991245,75,W_Handle leads
BPI17,gemma-2-2b,llm,NT,activity_current,27,318,0.2050700490912071,0.0900452658814272,0.1502615883946418,0.3853713545948268,-0.1141275040016058,311,W_Validate application
BPI17,llama32-1b,llm,NT,activity_current,3,54,0.111826644986178,0.0155779520578896,0.103415947407484,0.1709816284477711,0.1111485334285707,54,A_Accepted
BPI17,llama32-1b,llm,NT,activity_current,5,60,0.069253834336996,0.0138872031699847,0.0424821674823761,0.1142422534525395,0.0053498106698195,60,A_Complete
BPI17,llama32-1b,llm,NT,activity_current,6,54,0.2022950542461196,0.0598613651417384,0.1971808257512748,0.2861332058906556,0.0457950213501505,54,A_Concept
BPI17,llama32-1b,llm,NT,activity_current,7,43,0.0994433859406515,0.0099515916363921,0.1037261262536048,0.1071808338165283,0.0994433859406515,43,A_Create Application
BPI17,llama32-1b,llm,NT,activity_current,9,35,0.1480389159438865,0.022947039223132,0.1401703730225563,0.1880026400089263,0.1480389159438865,35,A_Incomplete
BPI17,llama32-1b,llm,NT,activity_current,11,31,0.1464896417192874,0.0215524066499814,0.1473109275102615,0.1569612585008144,0.1464896417192874,31,A_Submitted
BPI17,llama32-1b,llm,NT,activity_current,12,63,0.0840122024454767,0.0097447932237907,0.0803434997797012,0.1586174577474594,-0.0260234313115241,63,A_Validating
BPI17,llama32-1b,llm,NT,activity_current,14,37,0.210090673654466,0.190342214894126,0.0587632656097412,0.50826857984066,0.0410876187521058,37,O_Cancelled
BPI17,llama32-1b,llm,NT,activity_current,15,60,0.2477797039668075,0.0814134461660579,0.2005755146965384,0.3325959265232091,0.2477797039668075,59,O_Create Offer
BPI17,llama32-1b,llm,NT,activity_current,16,72,0.2485128935012552,0.0930336343097412,0.1903085857629776,0.5078168541193006,0.2485128935012552,72,O_Created
BPI17,llama32-1b,llm,NT,activity_current,18,35,0.0940687049712453,0.0278485824841976,0.053150862455368,0.2224823251366616,0.0447104775479861,35,O_Returned
BPI17,llama32-1b,llm,NT,activity_current,19,61,0.5357589654387814,2.676265711052602,0.1683491356670856,0.4660208150744438,-0.1474836526217214,61,O_Sent (mail and online)
BPI17,llama32-1b,llm,NT,activity_current,22,329,0.9016066358770076,3.80957703246976,0.221521258354187,2.524415731430051,0.0400869136712992,324,W_Call after offers
BPI17,llama32-1b,llm,NT,activity_current,23,326,0.3018235143165509,0.2630785667386457,0.2527972981333732,0.3700850084424019,0.0859462854429576,313,W_Call incomplete files
BPI17,llama32-1b,llm,NT,activity_current,24,247,0.1708694475849992,0.1392367518672291,0.1139970123767852,0.2523487292230129,0.0439702220344048,244,W_Complete application
BPI17,llama32-1b,llm,NT,activity_current,25,76,0.1322906609673641,0.0182701672616221,0.1295391768217086,0.1649729590862989,0.1315999218556834,75,W_Handle leads
BPI17,llama32-1b,llm,NT,activity_current,27,318,0.1674582728561096,0.0733722732792911,0.122286133468151,0.3204893916845321,-0.0498149776692156,311,W_Validate application
BPI17,rnn,sequence,NT,activity_current,3,54,0.1668956134882238,0.0349484149480031,0.17153862118721,0.2583102539181709,-0.1635285937399775,54,A_Accepted
BPI17,rnn,sequence,NT,activity_current,5,60,0.1399920053780078,0.0236075348932958,0.1511295512318611,0.21199621707201,-0.1387643220523993,60,A_Complete
BPI17,rnn,sequence,NT,activity_current,6,54,0.1168221022795747,0.0300698893669581,0.0730813592672348,0.2897072235122323,-0.0244080982412453,54,A_Concept
BPI17,rnn,sequence,NT,activity_current,7,43,0.0707996917325397,0.0064563405194908,0.0729432553052902,0.1210091203451157,-0.0640665680863136,43,A_Create Application
BPI17,rnn,sequence,NT,activity_current,9,35,0.0508360717977796,0.0042861455229949,0.0421368926763534,0.1030370593070983,0.0063848904200962,35,A_Incomplete
BPI17,rnn,sequence,NT,activity_current,11,31,0.0861212248283047,0.0093111366438107,0.0796460062265396,0.1577968001365661,-0.0760388525743638,31,A_Submitted
BPI17,rnn,sequence,NT,activity_current,12,63,0.0775469124080642,0.0081632392626797,0.0763198882341384,0.139094853401184,-0.0638621223587838,63,A_Validating
BPI17,rnn,sequence,NT,activity_current,14,37,0.1672014600622492,0.1881885362926061,0.0846937745809555,0.1802037425339221,-0.0645872541275378,37,O_Cancelled
BPI17,rnn,sequence,NT,activity_current,15,60,0.1039602235270043,0.0206116895535943,0.0752541497349739,0.2120012655854225,-0.0568846985387305,59,O_Create Offer
BPI17,rnn,sequence,NT,activity_current,16,72,0.1469101943075657,0.0266695571742896,0.144641488790512,0.2234021887183189,-0.1342751781145731,72,O_Created
BPI17,rnn,sequence,NT,activity_current,18,35,0.151610929079886,0.0505485294848609,0.1253513172268867,0.2174085499718785,0.0600813357824725,35,O_Returned
BPI17,rnn,sequence,NT,activity_current,19,61,0.5073960541945989,2.5048996261496104,0.1768155992031097,0.6030200868844986,-0.3402719462259871,61,O_Sent (mail and online)
BPI17,rnn,sequence,NT,activity_current,22,329,0.7721049002991667,4.11326904186108,0.1439898759126663,1.8804632782936093,-0.4175855383180693,324,W_Call after offers
BPI17,rnn,sequence,NT,activity_current,23,326,0.2186828643566374,0.232652974473808,0.1164748407900333,0.330475602298975,-0.0214407517884692,313,W_Call incomplete files
BPI17,rnn,sequence,NT,activity_current,24,247,0.1689793828682529,0.1494076662732436,0.1059462204575538,0.2438828676939011,-0.1423353966427326,244,W_Complete application
BPI17,rnn,sequence,NT,activity_current,25,76,0.0962653794865074,0.0137723713858829,0.0856624171137809,0.1881292313337326,-0.0745731021130555,75,W_Handle leads
BPI17,rnn,sequence,NT,activity_current,27,318,0.1866054796096107,0.0888155625239979,0.1041522398591041,0.4879238516092301,0.0906908598398268,311,W_Validate application
BPI17,saprpt,tabular_fm,NT,activity_current,3,54,0.0027107991002224,1.127940236790427e-05,0.0021821781992912,0.005546449124813,-0.0009742580630161,54,A_Accepted
BPI17,saprpt,tabular_fm,NT,activity_current,5,60,0.0125151115159193,0.000179348071166,0.0123888552188873,0.0178348183631897,0.0120550952851772,60,A_Complete
BPI17,saprpt,tabular_fm,NT,activity_current,6,54,0.2394786684394434,0.0781285347341073,0.2152499705553054,0.3729542434215546,0.1157403917017358,54,A_Concept
BPI17,saprpt,tabular_fm,NT,activity_current,7,43,0.0207880891339723,0.0004489209411253,0.0210578590631485,0.0265290647745132,0.0207880891339723,43,A_Create Application
BPI17,saprpt,tabular_fm,NT,activity_current,9,35,0.0039892222200121,2.213297103974554e-05,0.0044004917144775,0.0063475430011749,-0.0039892222200121,35,A_Incomplete
BPI17,saprpt,tabular_fm,NT,activity_current,11,31,0.0029323028941308,1.3375031574975668e-05,0.0023760199546813,0.0062818974256515,-0.0020605666983512,31,A_Submitted
BPI17,saprpt,tabular_fm,NT,activity_current,12,63,0.0018154642884693,4.763778981417511e-06,0.0014545619487762,0.0034521430730819,0.0010414975030081,63,A_Validating
BPI17,saprpt,tabular_fm,NT,activity_current,14,37,0.0779888811143668,0.2144761938005699,0.0004212707281112,0.0043275117874145,-0.0758484171049014,37,O_Cancelled
BPI17,saprpt,tabular_fm,NT,activity_current,15,60,0.0050531124075253,5.041209062279043e-05,0.0034824982285499,0.0112948700785636,0.0040679613749186,59,O_Create Offer
BPI17,saprpt,tabular_fm,NT,activity_current,16,72,0.0488714749614397,0.0036845841139844,0.0383071303367614,0.1057885617017745,0.0488714749614397,72,O_Created
BPI17,saprpt,tabular_fm,NT,activity_current,18,35,0.0293447605201176,0.0164884489620114,0.0068472027778625,0.0131748855113983,-0.0151641539164951,35,O_Returned
BPI17,saprpt,tabular_fm,NT,activity_current,19,61,0.5206715975139962,3.457190455074802,0.1065123379230499,0.1962102353572845,-0.3254766569274371,61,O_Sent (mail and online)
BPI17,saprpt,tabular_fm,NT,activity_current,22,329,1.233370709756678,6.1065393280107605,0.6265318691730499,1.4822774887084955,-0.4155517767514682,324,W_Call after offers
BPI17,saprpt,tabular_fm,NT,activity_current,23,326,0.2732681521004568,0.2630836660074171,0.1751158758997917,0.2998717203736305,0.0538708301628168,313,W_Call incomplete files
BPI17,saprpt,tabular_fm,NT,activity_current,24,247,0.1084982532148177,0.1470885403898077,0.0308287590742111,0.1603237465024,-0.0561418930438124,244,W_Complete application
BPI17,saprpt,tabular_fm,NT,activity_current,25,76,0.0080645278978504,0.0005077969332317,0.0054381191730499,0.0091622844338417,0.0030266902850646,75,W_Handle leads
BPI17,saprpt,tabular_fm,NT,activity_current,27,318,0.1489914549608369,0.0791524498700648,0.0889342203736305,0.1820239266380668,0.003233921339255,311,W_Validate application
BPI17,tabpfn3,tabular_fm,NT,activity_current,3,54,0.0030607412810678,1.1026420873723104e-05,0.0028958097100257,0.0046122148633003,-0.0027881410938722,54,A_Accepted
BPI17,tabpfn3,tabular_fm,NT,activity_current,5,60,0.0077103982369105,0.0001776071201429,0.0032810196280479,0.0227991804480552,0.0030059059460957,60,A_Complete
BPI17,tabpfn3,tabular_fm,NT,activity_current,6,54,0.1295653611628545,0.0306251198287242,0.0918883234262466,0.1997621268033981,0.0539193649741786,54,A_Concept
BPI17,tabpfn3,tabular_fm,NT,activity_current,7,43,0.0064691249714341,0.0001030958181248,0.0027074515819549,0.01774483025074,0.0053602990716002,43,A_Create Application
BPI17,tabpfn3,tabular_fm,NT,activity_current,9,35,0.0032719458852495,1.5194939302620724e-05,0.0029013156890869,0.0044428378343582,-0.0032719458852495,35,A_Incomplete
BPI17,tabpfn3,tabular_fm,NT,activity_current,11,31,0.0020819075645938,5.281626841657783e-06,0.0022585541009902,0.0031956881284713,-0.0013483349354036,31,A_Submitted
BPI17,tabpfn3,tabular_fm,NT,activity_current,12,63,0.0016051081437913,3.5265879265792823e-06,0.0016724020242691,0.0026974469423294,-0.0011452218842884,63,A_Validating
BPI17,tabpfn3,tabular_fm,NT,activity_current,14,37,0.0776392157013351,0.2142704294344671,0.001754954457283,0.0025504142045974,-0.0772342222767907,37,O_Cancelled
BPI17,tabpfn3,tabular_fm,NT,activity_current,15,60,0.0021034968396027,5.506382730583829e-06,0.0020085498690605,0.0031502977013587,-0.0010198377072811,59,O_Create Offer
BPI17,tabpfn3,tabular_fm,NT,activity_current,16,72,0.0024794696105851,1.2745423152450545e-05,0.0018243789672851,0.0050185069441795,-0.0002702395949098,72,O_Created
BPI17,tabpfn3,tabular_fm,NT,activity_current,18,35,0.0393564926726477,0.0159091111780006,0.0145483911037445,0.0452000379562378,-0.0029169180563517,35,O_Returned
BPI17,tabpfn3,tabular_fm,NT,activity_current,19,61,0.4488159235505784,3.5231861514071903,0.0110703408718109,0.1100029163062572,-0.4191737551791746,61,O_Sent (mail and online)
BPI17,tabpfn3,tabular_fm,NT,activity_current,22,329,1.1101627682015798,6.289430086776542,0.3458632230758667,1.695370800793171,-0.6375894477947596,324,W_Call after offers
BPI17,tabpfn3,tabular_fm,NT,activity_current,23,326,0.2158910092616316,0.2591613214589476,0.1014023944735527,0.2574964258819818,-0.0167016677774111,313,W_Call incomplete files
BPI17,tabpfn3,tabular_fm,NT,activity_current,24,247,0.1074059774066031,0.1443388955685567,0.0310308337211608,0.1506124064326291,-0.0547011302339161,244,W_Complete application
BPI17,tabpfn3,tabular_fm,NT,activity_current,25,76,0.0105859227968673,0.0004446616511442,0.0067910030484199,0.0181768015027046,0.0063080667567096,75,W_Handle leads
BPI17,tabpfn3,tabular_fm,NT,activity_current,27,318,0.1565694052245725,0.0773081633242538,0.1001634150743484,0.1745050765573979,0.0158998211025723,311,W_Validate application
BPI17,transformer,sequence,NT,activity_current,3,54,0.0418267611552167,0.002338293018441,0.0364970192313194,0.0764424204826355,-0.025488565089526,54,A_Accepted
BPI17,transformer,sequence,NT,activity_current,5,60,0.0620734187463919,0.005497384984208,0.0529081746935844,0.1176740631461143,-0.0062151186168193,60,A_Complete
BPI17,transformer,sequence,NT,activity_current,6,54,0.1290472389578267,0.0274077742435363,0.1040522381663322,0.2366799116134643,-0.0101421725487819,54,A_Concept
BPI17,transformer,sequence,NT,activity_current,7,43,0.0687521484702132,0.0065532873118607,0.0688918679952621,0.1194045633077621,-0.063425347902054,43,A_Create Application
BPI17,transformer,sequence,NT,activity_current,9,35,0.0873776359217507,0.0114947770275318,0.0841932743787765,0.1609194040298462,-0.0841281558786119,35,A_Incomplete
BPI17,transformer,sequence,NT,activity_current,11,31,0.0752666621438918,0.0072468033679346,0.0896636992692947,0.1231315732002258,-0.0676835573488666,31,A_Submitted
BPI17,transformer,sequence,NT,activity_current,12,63,0.0345213354106933,0.0017157994340825,0.0321156680583953,0.0671934783458709,-0.0140001937037422,63,A_Validating
BPI17,transformer,sequence,NT,activity_current,14,37,0.1141570572917525,0.099145313193353,0.0565280318260192,0.1176975518465042,-0.0877949208826632,37,O_Cancelled
BPI17,transformer,sequence,NT,activity_current,15,60,0.0634578377008438,0.0057437450838396,0.0667729675769805,0.1149257823824882,-0.0476376801729202,59,O_Create Offer
BPI17,transformer,sequence,NT,activity_current,16,72,0.0729306629962391,0.0066529429155435,0.070776417851448,0.1272330120205879,-0.0727415453228685,72,O_Created
BPI17,transformer,sequence,NT,activity_current,18,35,0.0630100680249077,0.0188005275789389,0.0389879643917083,0.0770850151777267,-0.0460455260106495,35,O_Returned
BPI17,transformer,sequence,NT,activity_current,19,61,0.4314046116148839,2.650532932608612,0.0791812092065811,0.3867954611778259,-0.3612233546913647,61,O_Sent (mail and online)
BPI17,transformer,sequence,NT,activity_current,22,329,0.7923619601094252,5.049948868524118,0.0884079933166503,1.2103402495384217,-0.5800266587670814,324,W_Call after offers
BPI17,transformer,sequence,NT,activity_current,23,326,0.1865284601890659,0.2496990872516247,0.0638146176934242,0.2903768271207809,-0.0832645015332539,313,W_Call incomplete files
BPI17,transformer,sequence,NT,activity_current,24,247,0.1342242775779021,0.1298519557109285,0.0732592195272445,0.1791145540773868,-0.0704736285484754,244,W_Complete application
BPI17,transformer,sequence,NT,activity_current,25,76,0.0744024599951348,0.0072853588921312,0.07401854544878,0.1231390610337257,-0.0644067900843526,75,W_Handle leads
BPI17,transformer,sequence,NT,activity_current,27,318,0.1483230463773855,0.0682817543577791,0.0725662037730217,0.4022300571203231,0.0546678280364136,311,W_Validate application
BPI20PrepaidTravelCosts,gemma-2-2b,llm,NT,activity_current,3,199,0.1291465051659387,0.026480445560834,0.1112295091152191,0.2718463197350502,0.0705834129198112,199,Payment Handled
BPI20PrepaidTravelCosts,gemma-2-2b,llm,NT,activity_current,4,215,0.2493414288240506,0.1226043400190646,0.1809233501553535,0.4636646017432212,0.0012213356311021,212,Permit APPROVED by ADMINISTRATION
BPI20PrepaidTravelCosts,gemma-2-2b,llm,NT,activity_current,5,78,0.2552062618122316,0.0879889169944565,0.274895928800106,0.4554832801222801,0.0260015696687146,78,Permit APPROVED by BUDGET OWNER
BPI20PrepaidTravelCosts,gemma-2-2b,llm,NT,activity_current,7,32,0.331977766691125,0.2440524159800866,0.3005195967853069,0.5442360967397691,0.1722684411652153,32,Permit APPROVED by SUPERVISOR
BPI20PrepaidTravelCosts,gemma-2-2b,llm,NT,activity_current,8,37,1.5464078195997186,5.263960722563846,1.1980618834495544,1.9903338670730584,-0.4401311608585151,37,Permit FINAL_APPROVED by DIRECTOR
BPI20PrepaidTravelCosts,gemma-2-2b,llm,NT,activity_current,9,160,1.8416508754784444,6.65911571950654,1.2692446261644363,4.203883087635039,-0.6397016854887625,160,Permit FINAL_APPROVED by SUPERVISOR
BPI20PrepaidTravelCosts,gemma-2-2b,llm,NT,activity_current,16,201,0.2086438932525577,0.1552914733231229,0.1512548327445984,0.3382473066449165,0.0823191144128343,198,Permit SUBMITTED by EMPLOYEE
BPI20PrepaidTravelCosts,gemma-2-2b,llm,NT,activity_current,17,223,0.2542475772621694,0.1249003389262857,0.1851961016654968,0.4761559657752514,-0.0392214427018254,223,Request For Payment APPROVED by ADMINISTRATION
BPI20PrepaidTravelCosts,gemma-2-2b,llm,NT,activity_current,18,87,0.2624492803923036,0.0933136214697854,0.2656087800860405,0.4417446225881576,0.0275017724241312,87,Request For Payment APPROVED by BUDGET OWNER
BPI20PrepaidTravelCosts,gemma-2-2b,llm,NT,activity_current,22,180,0.4495568795142591,0.2933163199154861,0.4152730703353882,0.7411663204431533,0.2239448863818931,180,Request For Payment FINAL_APPROVED by SUPERVISOR
BPI20PrepaidTravelCosts,gemma-2-2b,llm,NT,activity_current,23,41,0.3074930046753185,0.1504499450744245,0.2306677252054214,0.6017001271247864,0.0674770923285949,39,Request For Payment REJECTED by ADMINISTRATION
BPI20PrepaidTravelCosts,gemma-2-2b,llm,NT,activity_current,25,41,0.3623176529640105,0.4675305752570527,0.1696538031101226,0.8685580492019653,-0.117261347247333,41,Request For Payment REJECTED by EMPLOYEE
BPI20PrepaidTravelCosts,gemma-2-2b,llm,NT,activity_current,30,256,0.2459886490952385,0.1901967053052743,0.1868905276060104,0.4258535876870155,0.0838570186552942,242,Request For Payment SUBMITTED by EMPLOYEE
BPI20PrepaidTravelCosts,gemma-2-2b,llm,NT,activity_current,31,224,0.2210118533217269,0.0737945899533908,0.2011986151337623,0.4213547341525557,0.185347347676327,224,Request Payment
BPI20PrepaidTravelCosts,llama32-1b,llm,NT,activity_current,3,199,0.4453025967325552,0.2123822672087845,0.4314613118767738,0.5857049167156222,0.4453025967325552,199,Payment Handled
BPI20PrepaidTravelCosts,llama32-1b,llm,NT,activity_current,4,215,0.9883705990345673,1.112790798515885,1.0481224358081818,1.4398379027843475,0.9557282135323728,212,Permit APPROVED by ADMINISTRATION
BPI20PrepaidTravelCosts,llama32-1b,llm,NT,activity_current,5,78,1.0653719548016596,1.346002451691769,1.106038719415665,1.6144695311784745,1.063594506850514,78,Permit APPROVED by BUDGET OWNER
BPI20PrepaidTravelCosts,llama32-1b,llm,NT,activity_current,7,32,0.9308732689823956,0.979695472380705,1.0202432870864868,1.266731618344784,0.8631946782115847,32,Permit APPROVED by SUPERVISOR
BPI20PrepaidTravelCosts,llama32-1b,llm,NT,activity_current,8,37,1.6218450286903896,4.988772217757631,1.3436519801616669,1.9064938008785248,-0.1857104696132041,37,Permit FINAL_APPROVED by DIRECTOR
BPI20PrepaidTravelCosts,llama32-1b,llm,NT,activity_current,9,160,1.8416210202569343,6.8474458247686645,1.244695045053959,4.577052474021911,-0.8345238583093305,160,Permit FINAL_APPROVED by SUPERVISOR
BPI20PrepaidTravelCosts,llama32-1b,llm,NT,activity_current,16,201,0.4702082496073875,0.3647851877951967,0.4262274578213691,0.8302680552005768,0.3643211216227944,198,Permit SUBMITTED by EMPLOYEE
BPI20PrepaidTravelCosts,llama32-1b,llm,NT,activity_current,17,223,0.3132610063198035,0.1853025636998717,0.2193342670798301,0.7113304883241657,0.0085035591331966,223,Request For Payment APPROVED by ADMINISTRATION
BPI20PrepaidTravelCosts,llama32-1b,llm,NT,activity_current,18,87,0.4601877179430348,0.2906523703179902,0.4111097678542137,0.8519768476486206,-0.2262476068766166,87,Request For Payment APPROVED by BUDGET OWNER
BPI20PrepaidTravelCosts,llama32-1b,llm,NT,activity_current,22,180,0.4803455654379731,0.3692273480343265,0.3978385403752327,0.9004300475120544,0.2132248326673612,180,Request For Payment FINAL_APPROVED by SUPERVISOR
BPI20PrepaidTravelCosts,llama32-1b,llm,NT,activity_current,23,41,0.3541842350827121,0.2491260012107518,0.2820190340280533,0.6223549768328667,0.0192109987639435,39,Request For Payment REJECTED by ADMINISTRATION
BPI20PrepaidTravelCosts,llama32-1b,llm,NT,activity_current,25,41,0.4610072343451221,0.5383073616479273,0.2594386413693428,0.9760955572128296,0.0361627436629155,41,Request For Payment REJECTED by EMPLOYEE
BPI20PrepaidTravelCosts,llama32-1b,llm,NT,activity_current,30,256,0.1754953422496328,0.1865018031224377,0.1020717471837997,0.2519198209047317,-0.1448032881162362,242,Request For Payment SUBMITTED by EMPLOYEE
BPI20PrepaidTravelCosts,llama32-1b,llm,NT,activity_current,31,224,0.4363520591724718,0.3022564074547174,0.3650558702647686,0.9971999579574918,0.4286407075229022,224,Request Payment
BPI20PrepaidTravelCosts,rnn,sequence,NT,activity_current,3,199,0.1888855626024469,0.0495662307657904,0.1722960770130157,0.3392370689660311,0.1855396927090422,199,Payment Handled
BPI20PrepaidTravelCosts,rnn,sequence,NT,activity_current,4,215,0.4367200213646906,0.2866110193741866,0.3782291300594806,0.84421446621418,0.3064176156434642,212,Permit APPROVED by ADMINISTRATION
BPI20PrepaidTravelCosts,rnn,sequence,NT,activity_current,5,78,0.3365388154290998,0.1689758725708153,0.3087348826229572,0.6236735075712204,0.2285413406431101,78,Permit APPROVED by BUDGET OWNER
BPI20PrepaidTravelCosts,rnn,sequence,NT,activity_current,7,32,0.5372716973070055,0.4754634209136718,0.5211972026154399,0.7761209011077881,0.2861132996622473,32,Permit APPROVED by SUPERVISOR
BPI20PrepaidTravelCosts,rnn,sequence,NT,activity_current,8,37,1.5779599538324651,5.134691939949205,1.1633562743663788,2.479897451400757,-0.5719304134112757,37,Permit FINAL_APPROVED by DIRECTOR
BPI20PrepaidTravelCosts,rnn,sequence,NT,activity_current,9,160,1.865406410635842,7.628452933759759,1.2021800018846989,4.677167379856109,-1.0833468136774171,160,Permit FINAL_APPROVED by SUPERVISOR
BPI20PrepaidTravelCosts,rnn,sequence,NT,activity_current,16,201,0.211498101163118,0.1517096547454526,0.139231875538826,0.3925876189023256,0.0657864928393814,198,Permit SUBMITTED by EMPLOYEE
BPI20PrepaidTravelCosts,rnn,sequence,NT,activity_current,17,223,0.2632175159759113,0.1323144774496695,0.1879860162734985,0.5523826926946641,-0.0111195249360309,223,Request For Payment APPROVED by ADMINISTRATION
BPI20PrepaidTravelCosts,rnn,sequence,NT,activity_current,18,87,0.2559993958673386,0.094179103894205,0.2124386578798294,0.5007554858922958,0.1187356416772965,87,Request For Payment APPROVED by BUDGET OWNER
BPI20PrepaidTravelCosts,rnn,sequence,NT,activity_current,22,180,0.4367467061215494,0.2881362033337293,0.4070586711168289,0.8271616786718369,0.2004093381640915,180,Request For Payment FINAL_APPROVED by SUPERVISOR
BPI20PrepaidTravelCosts,rnn,sequence,NT,activity_current,23,41,0.4501873499588905,0.2800044976385376,0.4256967753171921,0.8897315561771393,0.1784623013184655,39,Request For Payment REJECTED by ADMINISTRATION
BPI20PrepaidTravelCosts,rnn,sequence,NT,activity_current,25,41,0.5273424654208101,0.661086681850966,0.396302655339241,0.9167864322662354,0.0685466474430385,41,Request For Payment REJECTED by EMPLOYEE
BPI20PrepaidTravelCosts,rnn,sequence,NT,activity_current,30,256,0.2512965158193765,0.2141431355646363,0.1638528183102607,0.4502403736114502,0.0343986394100284,242,Request For Payment SUBMITTED by EMPLOYEE
BPI20PrepaidTravelCosts,rnn,sequence,NT,activity_current,31,224,0.2651674811444715,0.0998675791107573,0.2470395751297474,0.4898874118924142,0.2437245739473366,224,Request Payment
BPI20PrepaidTravelCosts,saprpt,tabular_fm,NT,activity_current,3,199,0.0359550593186862,0.0039830842584669,0.0241283476352691,0.0534252226352691,0.0359550593186862,199,Payment Handled
BPI20PrepaidTravelCosts,saprpt,tabular_fm,NT,activity_current,4,215,0.1929766123984442,0.1041878490077864,0.101951390504837,0.4195084393024443,-0.0460064944746189,212,Permit APPROVED by ADMINISTRATION
BPI20PrepaidTravelCosts,saprpt,tabular_fm,NT,activity_current,5,78,0.2533604642734505,0.0880220631226853,0.1990879625082016,0.5018548995256424,-0.0581170982108093,78,Permit APPROVED by BUDGET OWNER
BPI20PrepaidTravelCosts,saprpt,tabular_fm,NT,activity_current,7,32,0.3505308497697115,0.2496714149539311,0.3129528611898422,0.4561008602380753,0.1235568099655211,32,Permit APPROVED by SUPERVISOR
BPI20PrepaidTravelCosts,saprpt,tabular_fm,NT,activity_current,8,37,1.578603212092374,5.386168389458876,1.1000452004373074,2.18800687789917,-0.5660481074371854,37,Permit FINAL_APPROVED by DIRECTOR
BPI20PrepaidTravelCosts,saprpt,tabular_fm,NT,activity_current,9,160,1.9255322376335244,7.112194173327244,1.45490200817585,4.47338695526123,-0.6539515247499367,160,Permit FINAL_APPROVED by SUPERVISOR
BPI20PrepaidTravelCosts,saprpt,tabular_fm,NT,activity_current,16,201,0.1243107816695573,0.1411626045345828,0.0612351596355438,0.0846713781356811,-0.0092129042714982,198,Permit SUBMITTED by EMPLOYEE
BPI20PrepaidTravelCosts,saprpt,tabular_fm,NT,activity_current,17,223,0.2042270777830561,0.0950926584009219,0.1355690956115722,0.4884776651859289,-0.0550330170960637,223,Request For Payment APPROVED by ADMINISTRATION
BPI20PrepaidTravelCosts,saprpt,tabular_fm,NT,activity_current,18,87,0.2358832573277297,0.0687438546015365,0.246471107006073,0.373916107416153,0.0171907254542898,87,Request For Payment APPROVED by BUDGET OWNER
BPI20PrepaidTravelCosts,saprpt,tabular_fm,NT,activity_current,22,180,0.3188985047137572,0.2172486234092804,0.2520822510123253,0.5038406699895857,0.000630415096465,180,Request For Payment FINAL_APPROVED by SUPERVISOR
BPI20PrepaidTravelCosts,saprpt,tabular_fm,NT,activity_current,23,41,0.2875463839892934,0.1428324771883983,0.2284559309482574,0.6812556385993958,0.0364334350678978,39,Request For Payment REJECTED by ADMINISTRATION
BPI20PrepaidTravelCosts,saprpt,tabular_fm,NT,activity_current,25,41,0.4161553688165618,0.4444034500902832,0.2848705351352691,0.4857166409492492,0.0079496793630646,41,Request For Payment REJECTED by EMPLOYEE
BPI20PrepaidTravelCosts,saprpt,tabular_fm,NT,activity_current,30,256,0.1036443601333303,0.1587142674720673,0.0397404730319976,0.0543496459722518,-0.0299397665512515,242,Request For Payment SUBMITTED by EMPLOYEE
BPI20PrepaidTravelCosts,saprpt,tabular_fm,NT,activity_current,31,224,0.0730310907374506,0.0119177895472757,0.0397437997162342,0.2105939626693725,0.0093533300201329,224,Request Payment
BPI20PrepaidTravelCosts,tabpfn3,tabular_fm,NT,activity_current,3,199,0.0008638498172089,1.4009153700584564e-06,0.0006138682365417,0.0018813610076904,0.0008455203406175,199,Payment Handled
BPI20PrepaidTravelCosts,tabpfn3,tabular_fm,NT,activity_current,4,215,0.184644880570298,0.1039014256520757,0.083166480064392,0.4499718159437177,-0.0676548197778851,212,Permit APPROVED by ADMINISTRATION
BPI20PrepaidTravelCosts,tabpfn3,tabular_fm,NT,activity_current,5,78,0.2538871586663075,0.0802323562878108,0.2100698612630367,0.43296879529953,-0.0147997441862781,78,Permit APPROVED by BUDGET OWNER
BPI20PrepaidTravelCosts,tabpfn3,tabular_fm,NT,activity_current,7,32,0.2464202892733737,0.2364458881525878,0.1539481282234192,0.5748161435127265,-0.0830693807220086,32,Permit APPROVED by SUPERVISOR
BPI20PrepaidTravelCosts,tabpfn3,tabular_fm,NT,activity_current,8,37,1.6154950204733256,5.403500828202225,1.1993790566921234,2.0365472078323363,-0.482967934898428,37,Permit FINAL_APPROVED by DIRECTOR
BPI20PrepaidTravelCosts,tabpfn3,tabular_fm,NT,activity_current,9,160,1.9127479584956744,7.607840326225586,1.27063450217247,4.793905246257782,-0.9944838596438784,160,Permit FINAL_APPROVED by SUPERVISOR
BPI20PrepaidTravelCosts,tabpfn3,tabular_fm,NT,activity_current,16,201,0.077752896320464,0.1446301713615258,0.0075493156909942,0.0221375524997711,-0.0636962261884959,198,Permit SUBMITTED by EMPLOYEE
BPI20PrepaidTravelCosts,tabpfn3,tabular_fm,NT,activity_current,17,223,0.1900501281833234,0.097524636273469,0.0915117859840393,0.5005516946315767,-0.0889007262927333,223,Request For Payment APPROVED by ADMINISTRATION
BPI20PrepaidTravelCosts,tabpfn3,tabular_fm,NT,activity_current,18,87,0.2245084402156758,0.0683230088514182,0.193262692540884,0.3916853908449411,-0.0466342540805752,87,Request For Payment APPROVED by BUDGET OWNER
BPI20PrepaidTravelCosts,tabpfn3,tabular_fm,NT,activity_current,22,180,0.3073168586991313,0.2162456445632951,0.2310315789654851,0.5418345808982847,-0.0188817695973234,180,Request For Payment FINAL_APPROVED by SUPERVISOR
BPI20PrepaidTravelCosts,tabpfn3,tabular_fm,NT,activity_current,23,41,0.2492131708962161,0.1539761126789277,0.1504159718751907,0.7398082613945007,-0.0923879851655262,39,Request For Payment REJECTED by ADMINISTRATION
BPI20PrepaidTravelCosts,tabpfn3,tabular_fm,NT,activity_current,25,41,0.3176162900721154,0.4841363953749351,0.0932370424270629,0.7037643790245056,-0.1905873944846595,41,Request For Payment REJECTED by EMPLOYEE
BPI20PrepaidTravelCosts,tabpfn3,tabular_fm,NT,activity_current,30,256,0.0765557556151179,0.1624322736625435,0.0073785334825515,0.0168117433786392,-0.0621075547969667,242,Request For Payment SUBMITTED by EMPLOYEE
BPI20PrepaidTravelCosts,tabpfn3,tabular_fm,NT,activity_current,31,224,0.0687946016718521,0.0111618384964402,0.0446303449571132,0.1454028122127056,0.0295747626723742,224,Request Payment
BPI20PrepaidTravelCosts,transformer,sequence,NT,activity_current,3,199,0.5043806125639222,0.2601651365953913,0.5131556242704391,0.599698954820633,0.5043806125639222,199,Payment Handled
BPI20PrepaidTravelCosts,transformer,sequence,NT,activity_current,4,215,0.3944118372798182,0.1991157097001712,0.3822943717241287,0.6031870037317276,0.2748553836636981,212,Permit APPROVED by ADMINISTRATION
BPI20PrepaidTravelCosts,transformer,sequence,NT,activity_current,5,78,0.3609570325591052,0.1703585702486216,0.3824354186654091,0.6409404575824738,0.2463134546668674,78,Permit APPROVED by BUDGET OWNER
BPI20PrepaidTravelCosts,transformer,sequence,NT,activity_current,7,32,0.4100460149056744,0.2848425280024508,0.3095435127615928,0.5758560746908188,0.1416279398545157,32,Permit APPROVED by SUPERVISOR
BPI20PrepaidTravelCosts,transformer,sequence,NT,activity_current,8,37,1.5416223132932507,5.046406322664209,0.9792554676532744,2.239781749248505,-0.5598267574568052,37,Permit FINAL_APPROVED by DIRECTOR
BPI20PrepaidTravelCosts,transformer,sequence,NT,activity_current,9,160,1.816719414207546,7.335042911961809,1.1310156416147947,4.459608900547027,-1.000830043379756,160,Permit FINAL_APPROVED by SUPERVISOR
BPI20PrepaidTravelCosts,transformer,sequence,NT,activity_current,16,201,0.293877340044678,0.1792142267711626,0.2498304843902588,0.3881932646036148,0.1834232112212079,198,Permit SUBMITTED by EMPLOYEE
BPI20PrepaidTravelCosts,transformer,sequence,NT,activity_current,17,223,0.5286634783615513,0.3265312884564036,0.55357725918293,0.7932682633399963,0.4806530595936649,223,Request For Payment APPROVED by ADMINISTRATION
BPI20PrepaidTravelCosts,transformer,sequence,NT,activity_current,18,87,0.4353198448340569,0.249323883364194,0.481273666024208,0.7237989485263825,0.4119497158955355,87,Request For Payment APPROVED by BUDGET OWNER
BPI20PrepaidTravelCosts,transformer,sequence,NT,activity_current,22,180,0.6492327391583886,0.4950557376443266,0.6965981796383858,0.9052685290575028,0.5207061992233826,180,Request For Payment FINAL_APPROVED by SUPERVISOR
BPI20PrepaidTravelCosts,transformer,sequence,NT,activity_current,23,41,0.4195403729042992,0.2247470132581762,0.432184636592865,0.6955179274082184,0.237598798237741,39,Request For Payment REJECTED by ADMINISTRATION
BPI20PrepaidTravelCosts,transformer,sequence,NT,activity_current,25,41,0.4886501004050554,0.5277914372070452,0.3688141546444967,0.6837595105171204,0.1445979131698017,41,Request For Payment REJECTED by EMPLOYEE
BPI20PrepaidTravelCosts,transformer,sequence,NT,activity_current,30,256,0.2944190452221846,0.2051573853805699,0.2355572208762169,0.4396852552890777,0.1822322634147894,242,Request For Payment SUBMITTED by EMPLOYEE
BPI20PrepaidTravelCosts,transformer,sequence,NT,activity_current,31,224,0.3654084121082032,0.156299004911768,0.3519656285643577,0.573655266268179,0.3653221727021624,224,Request Payment
BPI20RequestForPayment,gemma-2-2b,llm,NT,activity_current,3,349,0.1006745487707733,0.0134635732533164,0.104456603527069,0.1744899630546569,-0.0296859544805947,349,Payment Handled
BPI20RequestForPayment,gemma-2-2b,llm,NT,activity_current,4,353,0.8825835247739104,1.4964807396625304,0.6988956406712532,1.763313889503479,-0.1058230464084195,352,Request For Payment APPROVED by ADMINISTRATION
BPI20RequestForPayment,gemma-2-2b,llm,NT,activity_current,5,116,0.8187059536576271,0.8306196712769587,0.8030827790498734,1.346982181072235,0.0952292477776264,116,Request For Payment APPROVED by BUDGET OWNER
BPI20RequestForPayment,gemma-2-2b,llm,NT,activity_current,9,335,0.9221000594851464,2.03959924481605,0.6280853897333145,1.94420071458444,-0.1860432251648449,335,Request For Payment FINAL_APPROVED by SUPERVISOR
BPI20RequestForPayment,gemma-2-2b,llm,NT,activity_current,10,53,0.7967209887848992,1.4467288019565545,0.4940978139638901,1.4621647089719774,-0.3815797270574378,50,Request For Payment REJECTED by ADMINISTRATION
BPI20RequestForPayment,gemma-2-2b,llm,NT,activity_current,12,55,0.4892839261076667,0.9919717447970282,0.1839977204799652,1.703413808345795,-0.2509446320208636,54,Request For Payment REJECTED by EMPLOYEE
BPI20RequestForPayment,gemma-2-2b,llm,NT,activity_current,17,408,0.2030962631471601,0.3298870503757314,0.1198511123657226,0.2376877337694168,0.0230129131426413,398,Request For Payment SUBMITTED by EMPLOYEE
BPI20RequestForPayment,gemma-2-2b,llm,NT,activity_current,18,320,0.3322148738487158,0.1996751730499675,0.2337477207183838,0.7280687384307386,0.2464858604653272,320,Request Payment
BPI20RequestForPayment,llama32-1b,llm,NT,activity_current,3,349,0.0320989561285876,0.0016828103446402,0.0267289876937866,0.0669241428375244,-0.0024806911760893,349,Payment Handled
BPI20RequestForPayment,llama32-1b,llm,NT,activity_current,4,353,0.8640496101957237,1.5228352958548377,0.6899004578590393,1.8487879008054733,-0.1898195061459346,352,Request For Payment APPROVED by ADMINISTRATION
BPI20RequestForPayment,llama32-1b,llm,NT,activity_current,5,116,0.7875577067506725,0.8129095277556514,0.7270641624927521,1.3505909740924835,-0.133692846472921,116,Request For Payment APPROVED by BUDGET OWNER
BPI20RequestForPayment,llama32-1b,llm,NT,activity_current,9,335,0.8834397701699453,2.1527437919183505,0.5377643704414368,2.1526487767696403,-0.4068434160383446,335,Request For Payment FINAL_APPROVED by SUPERVISOR
BPI20RequestForPayment,llama32-1b,llm,NT,activity_current,10,53,0.8209493256543042,1.339859829318491,0.6062645316123962,1.3240186452865603,-0.1722481064322703,50,Request For Payment REJECTED by ADMINISTRATION
BPI20RequestForPayment,llama32-1b,llm,NT,activity_current,12,55,0.5438027390871536,0.9500010920982802,0.2612983882427215,1.4599479258060457,-0.1711519698358395,54,Request For Payment REJECTED by EMPLOYEE
BPI20RequestForPayment,llama32-1b,llm,NT,activity_current,17,408,0.2091908952696066,0.3740445941311853,0.1188233792781829,0.1619995415210724,-0.2037832605122935,398,Request For Payment SUBMITTED by EMPLOYEE
BPI20RequestForPayment,llama32-1b,llm,NT,activity_current,18,320,0.291358641727129,0.1796649357764272,0.2515643835067749,0.7254969954490663,0.1877912223397288,320,Request Payment
BPI20RequestForPayment,rnn,sequence,NT,activity_current,3,349,0.0728678646948412,0.0086828726576432,0.0606757402420043,0.1514595746994018,-0.0483778313784339,349,Payment Handled
BPI20RequestForPayment,rnn,sequence,NT,activity_current,4,353,0.8574917789201698,1.5890644315132063,0.5871730484068394,1.8925845503807068,-0.3111632328312949,352,Request For Payment APPROVED by ADMINISTRATION
BPI20RequestForPayment,rnn,sequence,NT,activity_current,5,116,0.7978722267976865,0.971537106615994,0.6972040981054306,1.6771824955940249,-0.3735066588871695,116,Request For Payment APPROVED by BUDGET OWNER
BPI20RequestForPayment,rnn,sequence,NT,activity_current,9,335,0.9632780973486768,2.0373441864873545,0.6897114515304565,1.6888787150382996,-0.0835235974132847,335,Request For Payment FINAL_APPROVED by SUPERVISOR
BPI20RequestForPayment,rnn,sequence,NT,activity_current,10,53,0.8349551999906324,1.5071661453854752,0.4985149800777435,1.758129301667214,-0.3953222013869376,50,Request For Payment REJECTED by ADMINISTRATION
BPI20RequestForPayment,rnn,sequence,NT,activity_current,12,55,0.5606920320202003,0.9369087159823408,0.2926132678985595,1.536223441362381,-0.1347468043592843,54,Request For Payment REJECTED by EMPLOYEE
BPI20RequestForPayment,rnn,sequence,NT,activity_current,17,408,0.1693959172230725,0.3583253186087778,0.0606626570224761,0.2015141159296035,-0.1104633256281707,398,Request For Payment SUBMITTED by EMPLOYEE
BPI20RequestForPayment,rnn,sequence,NT,activity_current,18,320,0.3466465637495275,0.1682360486551733,0.2977573201060295,0.7017408013343812,-0.021697504754411,320,Request Payment
BPI20RequestForPayment,saprpt,tabular_fm,NT,activity_current,3,349,0.0202706305891873,0.0004313696281282,0.0231359601020813,0.0231359601020813,0.0202706305891873,349,Payment Handled
BPI20RequestForPayment,saprpt,tabular_fm,NT,activity_current,4,353,0.8105472361493496,1.5291416891373637,0.4770005047321319,1.911476707458496,-0.3101496813289832,352,Request For Payment APPROVED by ADMINISTRATION
BPI20RequestForPayment,saprpt,tabular_fm,NT,activity_current,5,116,0.7447280881219897,0.7936181224661925,0.7304077297449112,1.499947190284729,0.0917709754972622,116,Request For Payment APPROVED by BUDGET OWNER
BPI20RequestForPayment,saprpt,tabular_fm,NT,activity_current,9,335,0.9607320857818114,2.0146225650741365,0.6800187826156616,1.864979088306427,0.0102896203092341,335,Request For Payment FINAL_APPROVED by SUPERVISOR
BPI20RequestForPayment,saprpt,tabular_fm,NT,activity_current,10,53,0.8330938257277012,1.3155331457350508,0.6993059515953064,1.3334480285644532,-0.0318198672864796,50,Request For Payment REJECTED by ADMINISTRATION
BPI20RequestForPayment,saprpt,tabular_fm,NT,activity_current,12,55,0.5435765713453293,0.9507279598515254,0.2711828351020813,1.5970983743667604,-0.1560914399948987,54,Request For Payment REJECTED by EMPLOYEE
BPI20RequestForPayment,saprpt,tabular_fm,NT,activity_current,17,408,0.1346679115485327,0.3344289708244005,0.0385477840900421,0.1011273562908172,-0.050181218404688,398,Request For Payment SUBMITTED by EMPLOYEE
BPI20RequestForPayment,saprpt,tabular_fm,NT,activity_current,18,320,0.2027087041235063,0.1142335778359501,0.0792614817619323,0.6221576482057573,0.105260332400212,320,Request Payment
BPI20RequestForPayment,tabpfn3,tabular_fm,NT,activity_current,3,349,0.0026016023575747,7.883010277663466e-06,0.0026535391807556,0.0038920760154724,-0.0025490423328213,349,Payment Handled
BPI20RequestForPayment,tabpfn3,tabular_fm,NT,activity_current,4,353,0.8184734270479214,1.5068676769305929,0.5170926749706268,1.995310801267625,-0.3008928078196404,352,Request For Payment APPROVED by ADMINISTRATION
BPI20RequestForPayment,tabpfn3,tabular_fm,NT,activity_current,5,116,0.7468441253335312,0.7825875945086177,0.6208585202693939,1.5018921345472336,-0.0810749973973323,116,Request For Payment APPROVED by BUDGET OWNER
BPI20RequestForPayment,tabpfn3,tabular_fm,NT,activity_current,9,335,0.9153190809079628,1.972287970720843,0.5810922086238861,1.711572325229645,-0.0933829892134822,335,Request For Payment FINAL_APPROVED by SUPERVISOR
BPI20RequestForPayment,tabpfn3,tabular_fm,NT,activity_current,10,53,0.8215523989133116,1.3298548337439693,0.5882970616221428,1.2474419951438906,-0.0788098397260567,50,Request For Payment REJECTED by ADMINISTRATION
BPI20RequestForPayment,tabpfn3,tabular_fm,NT,activity_current,12,55,0.5014958628199317,0.9607395275649848,0.1974170207977295,1.585485827922821,-0.2297602184794165,54,Request For Payment REJECTED by EMPLOYEE
BPI20RequestForPayment,tabpfn3,tabular_fm,NT,activity_current,17,408,0.1043308355717682,0.3365536595181219,0.0094990134239196,0.0252472460269928,-0.0832274598891244,398,Request For Payment SUBMITTED by EMPLOYEE
BPI20RequestForPayment,tabpfn3,tabular_fm,NT,activity_current,18,320,0.1978004855627659,0.0861648548751262,0.1342893838882446,0.4583229526877406,0.1393882540578488,320,Request Payment
BPI20RequestForPayment,transformer,sequence,NT,activity_current,3,349,0.040556008375135,0.0042661951820152,0.023371398448944,0.1068051576614379,0.0359524246785565,349,Payment Handled
BPI20RequestForPayment,transformer,sequence,NT,activity_current,4,353,0.8480560710902982,1.54310988493632,0.5941997170448303,1.8790413826704029,-0.2712200746994212,352,Request For Payment APPROVED by ADMINISTRATION
BPI20RequestForPayment,transformer,sequence,NT,activity_current,5,116,0.7751048636213266,0.9237062919814568,0.6719365352764726,1.5474201021716,-0.3523769183847089,116,Request For Payment APPROVED by BUDGET OWNER
BPI20RequestForPayment,transformer,sequence,NT,activity_current,9,335,0.959962680289494,2.082522289428023,0.6542717516422272,1.7905183315277111,-0.1153495470631812,335,Request For Payment FINAL_APPROVED by SUPERVISOR
BPI20RequestForPayment,transformer,sequence,NT,activity_current,10,53,0.8007083695188586,1.5447212194934603,0.4897490162402391,1.700302494689823,-0.4571143684223435,50,Request For Payment REJECTED by ADMINISTRATION
BPI20RequestForPayment,transformer,sequence,NT,activity_current,12,55,0.5298067875883796,0.9492507549900534,0.2478719651699066,1.3750164166092873,-0.1857213438911871,54,Request For Payment REJECTED by EMPLOYEE
BPI20RequestForPayment,transformer,sequence,NT,activity_current,17,408,0.1398360175902352,0.3458125173350971,0.042080134153366,0.1110996425151825,-0.1375210024051222,398,Request For Payment SUBMITTED by EMPLOYEE
BPI20RequestForPayment,transformer,sequence,NT,activity_current,18,320,0.287055929446069,0.1375818613934629,0.2401355877518654,0.6495047882199289,-0.0142087832660763,320,Request Payment
BPI20TravelPermitData,gemma-2-2b,llm,NT,activity_current,3,118,0.3966035633663631,0.2259948980393813,0.3155224174261093,0.691738772392273,-0.3960680863504314,118,Declaration APPROVED by ADMINISTRATION
BPI20TravelPermitData,gemma-2-2b,llm,NT,activity_current,4,47,0.250747074036205,0.0863223059251097,0.2113371789455413,0.5146802306175232,-0.250747074036205,47,Declaration APPROVED by BUDGET OWNER
BPI20TravelPermitData,gemma-2-2b,llm,NT,activity_current,8,115,0.3085690656676888,0.1379063515241996,0.2575181424617767,0.5545778863132002,-0.2826948050166601,112,Declaration FINAL_APPROVED by SUPERVISOR
BPI20TravelPermitData,gemma-2-2b,llm,NT,activity_current,9,40,0.4223994970787316,0.2811588245580364,0.362936183810234,0.8580883026123047,-0.4209848255384713,40,Declaration REJECTED by ADMINISTRATION
BPI20TravelPermitData,gemma-2-2b,llm,NT,activity_current,12,37,0.3174758962028333,0.1745175784490331,0.2477738261222839,0.6465444952249526,-0.2931836359957988,37,Declaration REJECTED by EMPLOYEE
BPI20TravelPermitData,gemma-2-2b,llm,NT,activity_current,17,167,0.3761253287335356,0.2546184750517473,0.31960529088974,0.5046825706958771,-0.3761253287335356,164,Declaration SUBMITTED by EMPLOYEE
BPI20TravelPermitData,gemma-2-2b,llm,NT,activity_current,18,150,0.8394281968404539,1.494897965700799,0.5146629884839058,2.356153731420636,-0.415229405995924,150,End trip
BPI20TravelPermitData,gemma-2-2b,llm,NT,activity_current,19,145,0.6967563889085733,1.4819934603395992,0.4275654852390289,1.3061895132064807,-0.6235215339231593,142,Payment Handled
BPI20TravelPermitData,gemma-2-2b,llm,NT,activity_current,20,159,0.2947566843893285,0.1366634595533716,0.2381764948368072,0.547980070114136,-0.2943290360579443,159,Permit APPROVED by ADMINISTRATION
BPI20TravelPermitData,gemma-2-2b,llm,NT,activity_current,21,59,0.3235962705339416,0.1368052771547425,0.3457830101251602,0.549205181747675,-0.317308256813025,59,Permit APPROVED by BUDGET OWNER
BPI20TravelPermitData,gemma-2-2b,llm,NT,activity_current,25,161,1.6461500476797035,7.412833254866332,0.8320941627025604,4.491104602813721,-1.0547787986366044,161,Permit FINAL_APPROVED by SUPERVISOR
BPI20TravelPermitData,gemma-2-2b,llm,NT,activity_current,35,163,0.3873047757368146,0.2344320969433815,0.3656904995441437,0.4906468212604523,-0.3873047757368146,163,Permit SUBMITTED by EMPLOYEE
BPI20TravelPermitData,gemma-2-2b,llm,NT,activity_current,36,40,0.3344744234345853,0.174307391618447,0.289195641875267,0.5756750315427783,-0.3313699348829687,40,Request For Payment APPROVED by ADMINISTRATION
BPI20TravelPermitData,gemma-2-2b,llm,NT,activity_current,41,53,0.2516958886441194,0.0861522470799056,0.2408714592456817,0.4111457616090774,-0.2401628450683827,49,Request For Payment FINAL_APPROVED by SUPERVISOR
BPI20TravelPermitData,gemma-2-2b,llm,NT,activity_current,49,55,0.2814495384693146,0.1004353965160778,0.2710126042366028,0.4671651721000672,-0.2782992314208637,54,Request For Payment SUBMITTED by EMPLOYEE
BPI20TravelPermitData,gemma-2-2b,llm,NT,activity_current,50,147,0.3363402446820622,0.1595177505850195,0.3191756904125213,0.5271042883396149,-0.3159704480548294,145,Request Payment
BPI20TravelPermitData,gemma-2-2b,llm,NT,activity_current,51,65,1.4695914470805571,3.328695417746272,0.9591701328754424,2.758110749721528,-0.5795752243926892,65,Send Reminder
BPI20TravelPermitData,gemma-2-2b,llm,NT,activity_current,52,180,0.4100977479797115,0.4242759000573319,0.2957901861518621,0.6723654121160507,-0.3630572589573502,180,Start trip
BPI20TravelPermitData,llama32-1b,llm,NT,activity_current,3,118,0.2246845493140488,0.1078883956290509,0.1325884088873863,0.4966909527778625,-0.2013343555963266,118,Declaration APPROVED by ADMINISTRATION
BPI20TravelPermitData,llama32-1b,llm,NT,activity_current,4,47,0.1304942358760757,0.0321886031657074,0.1008476018905639,0.3152709029614924,-0.1022327512581931,47,Declaration APPROVED by BUDGET OWNER
BPI20TravelPermitData,llama32-1b,llm,NT,activity_current,8,115,0.1353869013731246,0.0467392526629937,0.0761240124702453,0.3292582288384441,-0.0779141675437922,112,Declaration FINAL_APPROVED by SUPERVISOR
BPI20TravelPermitData,llama32-1b,llm,NT,activity_current,9,40,0.3272580330725759,0.2277951815676213,0.1751954816281795,0.9443894565105438,-0.3016185244079679,40,Declaration REJECTED by ADMINISTRATION
BPI20TravelPermitData,llama32-1b,llm,NT,activity_current,12,37,0.2898477200745932,0.1265614804053179,0.2236526757478714,0.5034502610564231,0.1700379923111885,37,Declaration REJECTED by EMPLOYEE
BPI20TravelPermitData,llama32-1b,llm,NT,activity_current,17,167,0.172010060622842,0.1247107678532508,0.083124965429306,0.2887201040983201,-0.1037158894012431,164,Declaration SUBMITTED by EMPLOYEE
BPI20TravelPermitData,llama32-1b,llm,NT,activity_current,18,150,0.9371276122238488,1.2506292469584268,0.8501257300376892,1.8504848718643183,0.1012989209002504,150,End trip
BPI20TravelPermitData,llama32-1b,llm,NT,activity_current,19,145,0.5200638106831446,1.30023166078479,0.2293597310781479,1.0704465389251705,-0.385533363741405,142,Payment Handled
BPI20TravelPermitData,llama32-1b,llm,NT,activity_current,20,159,0.2008261347977362,0.0783110867121546,0.1368212401866912,0.424509444832802,-0.1936409105180686,159,Permit APPROVED by ADMINISTRATION
BPI20TravelPermitData,llama32-1b,llm,NT,activity_current,21,59,0.3109442532946497,0.1280551795641425,0.2460069470107555,0.5662821911275387,-0.2710536976613231,59,Permit APPROVED by BUDGET OWNER
BPI20TravelPermitData,llama32-1b,llm,NT,activity_current,25,161,1.6611257020943735,7.127087219510532,0.8735793828964233,4.202002286911011,-0.8848667122685403,161,Permit FINAL_APPROVED by SUPERVISOR
BPI20TravelPermitData,llama32-1b,llm,NT,activity_current,35,163,0.4532576923721407,0.2854852787323725,0.4385430216789245,0.511239242553711,-0.4532576923721407,163,Permit SUBMITTED by EMPLOYEE
BPI20TravelPermitData,llama32-1b,llm,NT,activity_current,36,40,0.1944146631285548,0.0913202046802154,0.1011507660150528,0.5831045832484961,-0.1620104812085628,40,Request For Payment APPROVED by ADMINISTRATION
BPI20TravelPermitData,llama32-1b,llm,NT,activity_current,41,53,0.0967873773484859,0.0165265870355928,0.0780303478240966,0.1994742900133133,-0.0408208257747146,49,Request For Payment FINAL_APPROVED by SUPERVISOR
BPI20TravelPermitData,llama32-1b,llm,NT,activity_current,49,55,0.1838590711355209,0.0402532436731796,0.1856300383806228,0.2740347862243652,-0.1574612376364794,54,Request For Payment SUBMITTED by EMPLOYEE
BPI20TravelPermitData,llama32-1b,llm,NT,activity_current,50,147,0.2683493527425389,0.1116650839104969,0.2610813230276108,0.3973400264978409,-0.2605047865587027,145,Request Payment
BPI20TravelPermitData,llama32-1b,llm,NT,activity_current,51,65,1.3803648604223362,3.7943894797339386,0.624732717871666,2.910430645942688,-0.999948554371412,65,Send Reminder
BPI20TravelPermitData,llama32-1b,llm,NT,activity_current,52,180,0.2407997958155142,0.2696324316176357,0.150122158229351,0.347609082981944,-0.0342979885482539,180,Start trip
BPI20TravelPermitData,rnn,sequence,NT,activity_current,3,118,0.2046684752597268,0.0778994335856678,0.1700821202248335,0.3908127963542938,-0.0279845963863624,118,Declaration APPROVED by ADMINISTRATION
BPI20TravelPermitData,rnn,sequence,NT,activity_current,4,47,0.1446948170790726,0.0314990447014741,0.1097823828458786,0.3051214933395386,0.0520924051995686,47,Declaration APPROVED by BUDGET OWNER
BPI20TravelPermitData,rnn,sequence,NT,activity_current,8,115,0.1451599676890865,0.0448992801708262,0.1058000922203064,0.2845798328518868,-0.0501926712286861,112,Declaration FINAL_APPROVED by SUPERVISOR
BPI20TravelPermitData,rnn,sequence,NT,activity_current,9,40,0.2718707459513098,0.1394602595599759,0.1928913667798042,0.716564828157425,-0.1748331150505691,40,Declaration REJECTED by ADMINISTRATION
BPI20TravelPermitData,rnn,sequence,NT,activity_current,12,37,0.1959258987241097,0.1171133538219812,0.1004450321197509,0.3914018884301185,-0.1116887472720967,37,Declaration REJECTED by EMPLOYEE
BPI20TravelPermitData,rnn,sequence,NT,activity_current,17,167,0.1854198029819697,0.1385275137010818,0.0942310094833374,0.3276700615882875,-0.0904807552770561,164,Declaration SUBMITTED by EMPLOYEE
BPI20TravelPermitData,rnn,sequence,NT,activity_current,18,150,0.9434120314506192,1.8378479748769747,0.55186777561903,2.361890539526939,-0.5711347332410515,150,End trip
BPI20TravelPermitData,rnn,sequence,NT,activity_current,19,145,0.3817970925813605,0.9483635012933728,0.0781069695949554,0.9612505376338956,-0.255257509038623,142,Payment Handled
BPI20TravelPermitData,rnn,sequence,NT,activity_current,20,159,0.2167577055669477,0.0730719173219534,0.1750297546386718,0.453574338555336,0.0577437557139486,159,Permit APPROVED by ADMINISTRATION
BPI20TravelPermitData,rnn,sequence,NT,activity_current,21,59,0.2309424603176382,0.0873182298287132,0.1933684051036834,0.4553794413805008,0.1158855759530817,59,Permit APPROVED by BUDGET OWNER
BPI20TravelPermitData,rnn,sequence,NT,activity_current,25,161,1.688489936817848,7.66284719338594,0.8880771733820438,4.609221696853638,-1.1279883245013431,161,Permit FINAL_APPROVED by SUPERVISOR
BPI20TravelPermitData,rnn,sequence,NT,activity_current,35,163,0.1376903385518153,0.0934469949790861,0.093060553073883,0.2296018451452255,0.0245544041272687,163,Permit SUBMITTED by EMPLOYEE
BPI20TravelPermitData,rnn,sequence,NT,activity_current,36,40,0.202770163770765,0.0689340540219166,0.1547562032938003,0.4249729227274657,-0.0133628389798104,40,Request For Payment APPROVED by ADMINISTRATION
BPI20TravelPermitData,rnn,sequence,NT,activity_current,41,53,0.218250018105192,0.0651061120713351,0.2010251581668853,0.402664986252785,0.1287150817378512,49,Request For Payment FINAL_APPROVED by SUPERVISOR
BPI20TravelPermitData,rnn,sequence,NT,activity_current,49,55,0.1949230007192289,0.0657428492552174,0.1458262950181961,0.4274898082949222,0.0500272574792192,54,Request For Payment SUBMITTED by EMPLOYEE
BPI20TravelPermitData,rnn,sequence,NT,activity_current,50,147,0.1272115698812821,0.0431029199473371,0.0870648622512817,0.2449935346841812,-0.0152784789671652,145,Request Payment
BPI20TravelPermitData,rnn,sequence,NT,activity_current,51,65,1.598648434648147,5.368001080902936,0.5923250913619995,4.100428593158722,-1.318149322959093,65,Send Reminder
BPI20TravelPermitData,rnn,sequence,NT,activity_current,52,180,0.3496314561408427,0.3670673178241193,0.2329044640064239,0.6163153419271111,-0.2370190967288282,180,Start trip
BPI20TravelPermitData,saprpt,tabular_fm,NT,activity_current,3,118,0.1813994289091709,0.0589992814706867,0.1396690011024475,0.3022019181400537,0.0091308851221229,118,Declaration APPROVED by ADMINISTRATION
BPI20TravelPermitData,saprpt,tabular_fm,NT,activity_current,4,47,0.1184597895579769,0.0196257826120069,0.1105943322181701,0.2163569629192352,0.0543976852155112,47,Declaration APPROVED by BUDGET OWNER
BPI20TravelPermitData,saprpt,tabular_fm,NT,activity_current,8,115,0.1872072141374582,0.0462331103302409,0.1740266978740692,0.3064836204051971,0.1221105468742873,112,Declaration FINAL_APPROVED by SUPERVISOR
BPI20TravelPermitData,saprpt,tabular_fm,NT,activity_current,9,40,0.2373108979780226,0.1081174451096056,0.1747035235166549,0.6410597681999207,-0.0270753033924847,40,Declaration REJECTED by ADMINISTRATION
BPI20TravelPermitData,saprpt,tabular_fm,NT,activity_current,12,37,0.1531928764354135,0.0713614592276499,0.0888378024101257,0.2831132816150783,-0.0032177256118204,37,Declaration REJECTED by EMPLOYEE
BPI20TravelPermitData,saprpt,tabular_fm,NT,activity_current,17,167,0.1320882782250821,0.1195881882284049,0.0489335358142852,0.1826182335615161,-0.0453594712440125,164,Declaration SUBMITTED by EMPLOYEE
BPI20TravelPermitData,saprpt,tabular_fm,NT,activity_current,18,150,1.1786904361036916,1.80442919890506,1.0266231670975683,2.070294865965843,0.3573372477479279,150,End trip
BPI20TravelPermitData,saprpt,tabular_fm,NT,activity_current,19,145,0.5904875830393926,1.8529301599912704,0.1319456994533538,1.7684483766555783,-0.386527038551867,142,Payment Handled
BPI20TravelPermitData,saprpt,tabular_fm,NT,activity_current,20,159,0.121522931283949,0.0383550608076455,0.0752890110015869,0.2363102436065673,-0.0333072754082931,159,Permit APPROVED by ADMINISTRATION
BPI20TravelPermitData,saprpt,tabular_fm,NT,activity_current,21,59,0.1119691334285978,0.0204188079627699,0.0854126214981079,0.2522417031228542,-0.0382384762673054,59,Permit APPROVED by BUDGET OWNER
BPI20TravelPermitData,saprpt,tabular_fm,NT,activity_current,25,161,1.7687144054509178,7.103064911070702,1.1513888463377953,4.589510440826416,-0.6056222511254401,161,Permit FINAL_APPROVED by SUPERVISOR
BPI20TravelPermitData,saprpt,tabular_fm,NT,activity_current,35,163,0.049263455750752,0.0746434141805607,0.0215926766395568,0.036826479434967,-0.0037220259385606,163,Permit SUBMITTED by EMPLOYEE
BPI20TravelPermitData,saprpt,tabular_fm,NT,activity_current,36,40,0.1355191997252404,0.0507564295425928,0.0798688828945159,0.3557129677385092,-0.0539230695925653,40,Request For Payment APPROVED by ADMINISTRATION
BPI20TravelPermitData,saprpt,tabular_fm,NT,activity_current,41,53,0.1407051949568514,0.0264990676540874,0.1387693285942077,0.2561993598937988,0.1196903201206675,49,Request For Payment FINAL_APPROVED by SUPERVISOR
BPI20TravelPermitData,saprpt,tabular_fm,NT,activity_current,49,55,0.0181530405174602,0.0003883113152273,0.0157289803028106,0.02897909283638,0.0176884559067812,54,Request For Payment SUBMITTED by EMPLOYEE
BPI20TravelPermitData,saprpt,tabular_fm,NT,activity_current,50,147,0.0816755031748693,0.030915019119181,0.039172738790512,0.1752765595912934,0.0080305785447561,145,Request Payment
BPI20TravelPermitData,saprpt,tabular_fm,NT,activity_current,51,65,1.638376928980534,4.593716867633467,0.7930785119533539,3.275399923324585,-0.966558717076595,65,Send Reminder
BPI20TravelPermitData,saprpt,tabular_fm,NT,activity_current,52,180,0.2455226201357113,0.2603145640228047,0.1708589568734169,0.310687717795372,0.0228744297391838,180,Start trip
BPI20TravelPermitData,tabpfn3,tabular_fm,NT,activity_current,3,118,0.1679695315927393,0.0588315436103194,0.1147837340831756,0.3290436491370201,-0.0395764295974651,118,Declaration APPROVED by ADMINISTRATION
BPI20TravelPermitData,tabpfn3,tabular_fm,NT,activity_current,4,47,0.116155054539125,0.0185790791241839,0.1070407778024673,0.2024602144956588,0.0501294159429504,47,Declaration APPROVED by BUDGET OWNER
BPI20TravelPermitData,tabpfn3,tabular_fm,NT,activity_current,8,115,0.1487975001902036,0.0369648765490109,0.1209866106510162,0.2340285688638687,0.0510692268043108,112,Declaration FINAL_APPROVED by SUPERVISOR
BPI20TravelPermitData,tabpfn3,tabular_fm,NT,activity_current,9,40,0.2230490845162421,0.1219651142093992,0.1461280360817909,0.733951760828495,-0.1118310329038649,40,Declaration REJECTED by ADMINISTRATION
BPI20TravelPermitData,tabpfn3,tabular_fm,NT,activity_current,12,37,0.1633370952378656,0.0711490717659153,0.1083842515945434,0.286621301062405,0.0117834872138258,37,Declaration REJECTED by EMPLOYEE
BPI20TravelPermitData,tabpfn3,tabular_fm,NT,activity_current,17,167,0.1296248816087574,0.1216869353627884,0.043257862329483,0.2042725786566735,-0.0508519641296592,164,Declaration SUBMITTED by EMPLOYEE
BPI20TravelPermitData,tabpfn3,tabular_fm,NT,activity_current,18,150,1.1281650397367775,1.7644732509491052,0.9080878794193268,2.062691766023636,0.2960330753711362,150,End trip
BPI20TravelPermitData,tabpfn3,tabular_fm,NT,activity_current,19,145,0.6103415386879752,1.5838141171372562,0.2008675336837768,1.6907833665609344,-0.2337234690335804,142,Payment Handled
BPI20TravelPermitData,tabpfn3,tabular_fm,NT,activity_current,20,159,0.1172266324246946,0.0370223114574641,0.0712788701057434,0.2393998071551325,-0.037995618008042,159,Permit APPROVED by ADMINISTRATION
BPI20TravelPermitData,tabpfn3,tabular_fm,NT,activity_current,21,59,0.1150664733880657,0.0196363772249568,0.0907236635684967,0.2433300249278545,-0.0236609341987108,59,Permit APPROVED by BUDGET OWNER
BPI20TravelPermitData,tabpfn3,tabular_fm,NT,activity_current,25,161,1.729707307412914,7.204636813493327,1.053722009062767,4.459363579750061,-0.7012070812673962,161,Permit FINAL_APPROVED by SUPERVISOR
BPI20TravelPermitData,tabpfn3,tabular_fm,NT,activity_current,35,163,0.0354890459519953,0.0746042654537352,0.0077489018440246,0.0162382245063781,-0.0181908375280766,163,Permit SUBMITTED by EMPLOYEE
BPI20TravelPermitData,tabpfn3,tabular_fm,NT,activity_current,36,40,0.1321486531756818,0.0553291458404398,0.0604501068592071,0.3768741782754661,-0.0735599837265908,40,Request For Payment APPROVED by ADMINISTRATION
BPI20TravelPermitData,tabpfn3,tabular_fm,NT,activity_current,41,53,0.1045823381194528,0.0143112585952894,0.1163137853145599,0.1520281314849853,0.0709081289340864,49,Request For Payment FINAL_APPROVED by SUPERVISOR
BPI20TravelPermitData,tabpfn3,tabular_fm,NT,activity_current,49,55,0.0198357294906269,0.0005695735773698,0.0165691077709198,0.0359659969806671,0.0198357294906269,54,Request For Payment SUBMITTED by EMPLOYEE
BPI20TravelPermitData,tabpfn3,tabular_fm,NT,activity_current,50,147,0.0671596844889679,0.0295096571439957,0.0156234204769134,0.1594185680150986,0.0055492845218197,145,Request Payment
BPI20TravelPermitData,tabpfn3,tabular_fm,NT,activity_current,51,65,1.628734207382569,3.669648546246786,1.5520904958248138,2.6021095871925355,-0.3629651195727862,65,Send Reminder
BPI20TravelPermitData,tabpfn3,tabular_fm,NT,activity_current,52,180,0.2775670438409886,0.2618214182461923,0.2165826130658388,0.4201566368341445,0.0833808719568575,180,Start trip
BPI20TravelPermitData,transformer,sequence,NT,activity_current,3,118,0.2482752347033534,0.1190653806123543,0.1860342025756836,0.5803155269473791,-0.2422853725078373,118,Declaration APPROVED by ADMINISTRATION
BPI20TravelPermitData,transformer,sequence,NT,activity_current,4,47,0.1375886726965929,0.0339321828884042,0.078753262758255,0.2862518720328807,-0.1273660347896053,47,Declaration APPROVED by BUDGET OWNER
BPI20TravelPermitData,transformer,sequence,NT,activity_current,8,115,0.1323755766953463,0.0415362313507525,0.076943427324295,0.2652280867099763,-0.0553641913944612,112,Declaration FINAL_APPROVED by SUPERVISOR
BPI20TravelPermitData,transformer,sequence,NT,activity_current,9,40,0.353782942937687,0.2347010458446796,0.2276836931705474,0.8782783061265947,-0.3417232752311975,40,Declaration REJECTED by ADMINISTRATION
BPI20TravelPermitData,transformer,sequence,NT,activity_current,12,37,0.2232771889130408,0.114138928426408,0.1648817360401153,0.4254257932305332,-0.1677497112620118,37,Declaration REJECTED by EMPLOYEE
BPI20TravelPermitData,transformer,sequence,NT,activity_current,17,167,0.2728466460269368,0.1878874193373556,0.2084230482578277,0.3852814480662348,-0.2699013481775443,164,Declaration SUBMITTED by EMPLOYEE
BPI20TravelPermitData,transformer,sequence,NT,activity_current,18,150,0.9124862383368114,1.278442891199733,0.782844066619873,1.7835911273956295,0.1151417863306899,150,End trip
BPI20TravelPermitData,transformer,sequence,NT,activity_current,19,145,0.478364317986215,1.1160456507889551,0.2134390771389007,1.0790818121284245,-0.4200032919709539,142,Payment Handled
BPI20TravelPermitData,transformer,sequence,NT,activity_current,20,159,0.129857537513833,0.0440037104981635,0.0779721140861511,0.2779751399531961,-0.0675855331524105,159,Permit APPROVED by ADMINISTRATION
BPI20TravelPermitData,transformer,sequence,NT,activity_current,21,59,0.147242073095956,0.0291701519394836,0.1423361860215664,0.2586040496826172,0.0298989052426511,59,Permit APPROVED by BUDGET OWNER
BPI20TravelPermitData,transformer,sequence,NT,activity_current,25,161,1.6137946491405912,6.677742023653249,0.9079026132822036,4.033829569816589,-0.7891901121626649,161,Permit FINAL_APPROVED by SUPERVISOR
BPI20TravelPermitData,transformer,sequence,NT,activity_current,35,163,0.0588493135077821,0.0786782654794952,0.0217455625534057,0.0820441484451294,-0.0345361119399041,163,Permit SUBMITTED by EMPLOYEE
BPI20TravelPermitData,transformer,sequence,NT,activity_current,36,40,0.270604623761028,0.1281160000701036,0.1849310100078582,0.6110342081636192,-0.2589619590900838,40,Request For Payment APPROVED by ADMINISTRATION
BPI20TravelPermitData,transformer,sequence,NT,activity_current,41,53,0.1094608287203986,0.0200772346738457,0.0895593464374542,0.2376156091690063,-0.0708764659346274,49,Request For Payment FINAL_APPROVED by SUPERVISOR
BPI20TravelPermitData,transformer,sequence,NT,activity_current,49,55,0.1848769789392298,0.0400022087557408,0.1746247112751007,0.2801509022712707,-0.1782739807258953,54,Request For Payment SUBMITTED by EMPLOYEE
BPI20TravelPermitData,transformer,sequence,NT,activity_current,50,147,0.2537052045975412,0.0954943019651979,0.2372128665447235,0.3590092733502388,-0.2530635865468557,145,Request Payment
BPI20TravelPermitData,transformer,sequence,NT,activity_current,51,65,1.3003781295882968,3.767337441844657,0.3374521434307098,3.511053493618965,-0.966154715175239,65,Send Reminder
BPI20TravelPermitData,transformer,sequence,NT,activity_current,52,180,0.3144836229530887,0.3041258473302305,0.2225663587450981,0.4822577878832817,0.1055992611425204,180,Start trip
