dataset,task,group_col,group_value,gemma-2-2b,llama32-1b,rnn,saprpt,tabpfn3,transformer,sequence_mean,tabular_fm_mean,llm_mean,tabular_minus_sequence_mae,llm_minus_sequence_mae,tabular_relative_to_sequence_mae,llm_relative_to_sequence_mae,group_value_label
BPI20PrepaidTravelCosts,NT,activity_current,3,0.1291465051659387,0.4453025967325552,0.1888855626024469,0.0359550593186862,0.0008638498172089,0.5043806125639222,0.3466330875831845,0.0184094545679475,0.287224550949247,-0.328223633015237,-0.0594085366339375,0.0531093401853327,0.8286126201969084,Payment Handled
BPI20PrepaidTravelCosts,NT,rt_magnitude_bucket,"rt_mag_(-0.79, -0.562]",0.2348436265074564,0.4671750718542422,0.2762237766998548,0.112467269908643,0.080217546885454,0.5039470280168383,0.3900854023583465,0.0963424083970485,0.3510093491808493,-0.293742993961298,-0.0390760531774972,0.2469777331184131,0.8998269277925951,
BPI20PrepaidTravelCosts,NT,relative_prefix_bucket,80-100%,0.2076496010275142,0.4347695101329032,0.2501342108926262,0.0959786883264641,0.0723743631727161,0.4516772645281197,0.350905737710373,0.0841765257495901,0.3212095555802087,-0.2667292119607828,-0.0296961821301642,0.2398835832632264,0.9153727655639688,
BPI20PrepaidTravelCosts,NT,prefix_length_bucket,11-20,0.1966033425786473,0.4083321953311245,0.2275174926555259,0.1076070858918605,0.0801718687400856,0.4771980744628037,0.3523577835591648,0.0938894773159731,0.3024677689548859,-0.2584683062431918,-0.0498900146042789,0.2664606309178011,0.8584109194343884,
BPI20PrepaidTravelCosts,NT,nt_magnitude_bucket,"nt_mag_(-0.27855, 0.061119]",0.2786360634869275,0.6097956634047718,0.3316535964248194,0.1720488569829483,0.1432545524376004,0.4861640355489592,0.4089088159868893,0.1576517047102743,0.4442158634458496,-0.251257111276615,0.0353070474589602,0.3855424450308967,1.0863445493923818,
BPI20PrepaidTravelCosts,NT,nt_magnitude_bucket,"nt_mag_(-0.36785, -0.27855]",0.2948039923291349,0.5396346551354577,0.3645639303208421,0.2081100055348803,0.1570764582043197,0.502780328244452,0.433672129282647,0.1825932318696,0.4172193237322963,-0.2510788974130469,-0.0164528055503507,0.4210398122001389,0.9620616487908368,
BPI20PrepaidTravelCosts,NT,nt_magnitude_bucket,"nt_mag_(-0.36789, -0.36785]",0.1695180720093854,0.3797772240947438,0.2006525030929892,0.0638336730546339,0.0202644682001499,0.3781864936482816,0.2894194983706354,0.0420490706273919,0.2746476480520646,-0.2473704277432434,-0.0147718503185707,0.1452876218227122,0.9489604176576464,
BPI20PrepaidTravelCosts,NT,activity_current,31,0.2210118533217269,0.4363520591724718,0.2651674811444715,0.0730310907374506,0.0687946016718521,0.3654084121082032,0.3152879466263373,0.0709128462046513,0.3286819562470993,-0.2443751004216859,0.013394009620762,0.2249145486322492,1.0424818321286349,Request Payment
BPI20PrepaidTravelCosts,NT,branching_entropy_bucket,"branch_ent_(-0.001, 0.128]",0.1923836309476266,0.4592819344714263,0.2232442350551364,0.0809630618690041,0.0540426430652615,0.3909760485244092,0.3071101417897728,0.0675028524671328,0.3258327827095265,-0.2396072893226399,0.0187226409197537,0.2198001409974302,1.060963929131881,
BPI12,RT,activity_current,14,0.7341443598270416,0.8626990978782242,0.682466684966474,0.6420628831193254,0.6648144406845441,1.0849851667881012,0.8837259258772876,0.6534386619019348,0.798421728852633,-0.2302872639753528,-0.0853041970246546,0.739413253326541,0.9034721121936398,O_CANCELLED
BPI20PrepaidTravelCosts,NT,activity_current,22,0.4495568795142591,0.4803455654379731,0.4367467061215494,0.3188985047137572,0.3073168586991313,0.6492327391583886,0.542989722639969,0.3131076817064442,0.4649512224761161,-0.2298820409335247,-0.0780385001638529,0.5766364788345197,0.8562799682755753,Request For Payment FINAL_APPROVED by SUPERVISOR
BPI20PrepaidTravelCosts,NT,activity_current,4,0.2493414288240506,0.9883705990345673,0.4367200213646906,0.1929766123984442,0.184644880570298,0.3944118372798182,0.4155659293222544,0.1888107464843711,0.618856013929309,-0.2267551828378833,0.2032900846070545,0.4543460692080849,1.4891885264477769,Permit APPROVED by ADMINISTRATION
BPI20PrepaidTravelCosts,NT,branching_degree_bucket,"branch_deg_(0.999, 4.0]",0.2699366166569781,0.5000493033150957,0.3005544229076944,0.1823225965056793,0.1428528412989997,0.4760635939160285,0.3883090084118614,0.1625877189023395,0.3849929599860369,-0.2257212895095219,-0.0033160484258245,0.4187070487169596,0.9914602845826658,
BPI20PrepaidTravelCosts,NT,prefix_length_bucket,2,0.2614376554292197,0.9758435394699988,0.4305932477943718,0.2034188551683676,0.196363374267675,0.4009875203339281,0.4157903840641499,0.1998911147180213,0.6186405974496092,-0.2158992693461285,0.2028502133854592,0.4807497296214077,1.4878665336189272,
BPI20PrepaidTravelCosts,NT,branching_entropy_bucket,"branch_ent_(1.285, 1.937]",0.2518393080516773,0.6446504182688314,0.3483842709041934,0.1987045890668653,0.1873968673687105,0.4627637002049928,0.4055739855545931,0.1930507282177879,0.4482448631602543,-0.2125232573368052,0.0426708776056612,0.4759938632498951,1.1052110813944636,
BPI20PrepaidTravelCosts,NT,prefix_length_bucket,6-10,0.2903588175598764,0.4368243269302935,0.3271632696546388,0.2092663125272557,0.1867752629909026,0.4935817584230675,0.4103725140388532,0.1980207877590792,0.363591572245085,-0.212351726279774,-0.0467809417937682,0.4825391101615812,0.8860037156646922,
BPI20PrepaidTravelCosts,NT,rt_magnitude_bucket,"rt_mag_(-0.562, -0.263]",0.2756727952328013,0.3844206544623661,0.2977918248040652,0.1898544969293333,0.155309081398433,0.4597428304522645,0.3787673276281649,0.1725817891638831,0.3300467248475837,-0.2061855384642817,-0.0487206027805812,0.4556406442038906,0.8713706298648596,
BPI20PrepaidTravelCosts,NT,activity_current,17,0.2542475772621694,0.3132610063198035,0.2632175159759113,0.2042270777830561,0.1900501281833234,0.5286634783615513,0.3959404971687313,0.1971386029831898,0.2837542917909865,-0.1988018941855415,-0.1121862053777448,0.4978995692354716,0.7166589268338057,Request For Payment APPROVED by ADMINISTRATION
BPI12,RT,relative_prefix_bucket,80-100%,0.3103234575326703,0.2475852895017583,0.2398764512392629,0.192690682142496,0.1804352592635101,0.5227594559954141,0.3813179536173385,0.1865629707030031,0.2789543735172143,-0.1947549829143354,-0.1023635801001242,0.4892582920190099,0.7315532113579722,
BPI20PrepaidTravelCosts,NT,branching_degree_bucket,"branch_deg_(4.0, 5.0]",0.3282337304403046,0.3920269534469712,0.3522513387193872,0.1959385674405016,0.1833299419138841,0.4144347881643463,0.3833430634418668,0.1896342546771929,0.3601303419436379,-0.1937088087646739,-0.0232127214982288,0.4946854991311211,0.9394466113725596,
BPI20PrepaidTravelCosts,NT,case_length_bucket,4-5,0.495418001876937,0.9913401300708452,0.5630015763143699,0.4570114579465654,0.4278259820408291,0.6970305879910786,0.6300160821527243,0.4424187199936972,0.7433790659738911,-0.187597362159027,0.1133629838211668,0.7022340104112597,1.1799366508769311,
BPI12,RT,rt_magnitude_bucket,"rt_mag_(-0.86, -0.802]",0.1549364981537093,0.0797161364150856,0.1983521005097858,0.0535290682625151,0.0334255667979607,0.2600799596714164,0.2292160300906011,0.0434773175302379,0.1173263172843974,-0.1857387125603631,-0.1118897128062036,0.1896783462877919,0.511859127993895,
BPI20PrepaidTravelCosts,NT,activity_current,30,0.2459886490952385,0.1754953422496328,0.2512965158193765,0.1036443601333303,0.0765557556151179,0.2944190452221846,0.2728577805207806,0.0901000578742241,0.2107419956724356,-0.1827577226465564,-0.0621157848483449,0.3302088644943816,0.7723510587464658,Request For Payment SUBMITTED by EMPLOYEE
BPI20PrepaidTravelCosts,NT,case_length_bucket,6-10,0.4348123306016608,0.6357520547932688,0.4730084306827106,0.3569172950611741,0.3381827815512093,0.5845129738776765,0.5287607022801936,0.3475500383061917,0.5352821926974648,-0.1812106639740018,0.0065214904172712,0.6572917329284104,1.0123335383835228,
BPI20PrepaidTravelCosts,NT,relative_prefix_bucket,0-20%,0.2289849353524075,0.6276471675801558,0.2734992086946836,0.1430445664890133,0.1112704609094239,0.3422304149267388,0.3078648118107112,0.1271575136992186,0.4283160514662817,-0.1807072981114925,0.1204512396555704,0.4130303588491973,1.391247180693158,
BPI12,RT,prefix_length_bucket,>50,0.3714955941166566,0.2534950815789077,0.2165909603562044,0.2023847294566424,0.1955296262126901,0.5341113929839237,0.375351176670064,0.1989571778346663,0.3124953378477822,-0.1763939988353977,-0.0628558388222818,0.5300560920035449,0.8325412500903587,
BPI20PrepaidTravelCosts,NT,activity_current,7,0.331977766691125,0.9308732689823956,0.5372716973070055,0.3505308497697115,0.2464202892733737,0.4100460149056744,0.4736588561063399,0.2984755695215426,0.6314255178367603,-0.1751832865847973,0.1577666617304203,0.6301488205564822,1.3330807810231262,Permit APPROVED by SUPERVISOR
BPI20PrepaidTravelCosts,NT,case_length_bucket,11-20,0.3321299770006904,0.5799429566416491,0.3938877568368732,0.276587909034772,0.2498025994579926,0.47892154384149,0.4364046503391816,0.2631952542463823,0.4560364668211697,-0.1732093960927992,0.019631816481988,0.6030991054788766,1.0449853512485028,
BPI20PrepaidTravelCosts,RT,activity_current,31,0.7555873817098993,0.1769897294112265,0.3432163898438115,0.0504227256668465,0.0444799591121929,0.0969152525067329,0.2200658211752722,0.0474513423895197,0.4662885555605628,-0.1726144787857525,0.2462227343852906,0.2156234081971635,2.1188594988096114,Request Payment
BPI20PrepaidTravelCosts,NT,branching_entropy_bucket,"branch_ent_(0.128, 0.674]",0.395745714820903,0.4422559147918799,0.4061926180329832,0.2939428941104467,0.2736958300170366,0.5066695335845978,0.4564310758087905,0.2838193620637417,0.4190008148063914,-0.1726117137450488,-0.037430261002399,0.6218230464716215,0.9179936183440772,
BPI20TravelPermitData,NT,activity_current,49,0.2814495384693146,0.1838590711355209,0.1949230007192289,0.0181530405174602,0.0198357294906269,0.1848769789392298,0.1898999898292293,0.0189943850040435,0.2326543048024177,-0.1709056048251858,0.0427543149731884,0.1000230964789655,1.2251412178148926,Request For Payment SUBMITTED by EMPLOYEE
BPI20PrepaidTravelCosts,RT,activity_current,3,0.7804502063061125,0.194990431665251,0.2812363350361436,0.0160533633064385,0.0036877711214611,0.0773831495088548,0.1793097422724992,0.0098705672139498,0.4877203189856817,-0.1694391750585493,0.3084105767131825,0.0550475790598673,2.719987842291844,Payment Handled
BPI12,RT,prefix_length_bucket,21-50,0.7977012530036951,0.8552860265698699,0.6435261761215814,0.7119306291066702,0.7326379912094472,1.1395355889852086,0.891530882553395,0.7222843101580587,0.8264936397867825,-0.1692465723953362,-0.0650372427666124,0.8101618511401372,0.9270499272214304,
BPI12,RT,case_length_bucket,11-20,0.6805171818766547,0.7559279060775512,0.7116292802456883,0.6203678558629594,0.6498636303861675,0.89262844332935,0.8021288617875191,0.6351157431245634,0.718222543977103,-0.1670131186629556,-0.0839063178104161,0.7917876707605657,0.8953954634877075,
BPI20PrepaidTravelCosts,NT,activity_current,23,0.3074930046753185,0.3541842350827121,0.4501873499588905,0.2875463839892934,0.2492131708962161,0.4195403729042992,0.4348638614315948,0.2683797774427547,0.3308386198790153,-0.16648408398884,-0.1040252415525795,0.6171581528049591,0.7607866489293387,Request For Payment REJECTED by ADMINISTRATION
BPI20PrepaidTravelCosts,NT,prefix_length_bucket,1,0.2078271307298357,0.4402943885856489,0.2054600374534796,0.1199527180519714,0.0748805437254679,0.3170551377021977,0.2612575875778387,0.0974166308887196,0.3240607596577423,-0.163840956689119,0.0628031720799036,0.372875795845338,1.2403879353788805,
BPI12,RT,activity_current,25,0.3890042709981837,0.2714554159221244,0.294178915716577,0.2488024371365706,0.2416543054955396,0.5219914359612423,0.4080851758389097,0.2452283713160551,0.3302298434601541,-0.1628568045228546,-0.0778553323787555,0.6009244781115456,0.809217935401092,W_Valideren aanvraag
BPI12,RT,case_length_bucket,6-10,0.1058515299350843,0.090935315560857,0.2541956077543421,0.0371417184488489,0.035691568610865,0.1399259627412218,0.1970607852477819,0.0364166435298569,0.0983934227479707,-0.160644141717925,-0.0986673624998112,0.1847990379418568,0.4993049359072225,
BPI20PrepaidTravelCosts,NT,branching_degree_bucket,"branch_deg_(5.0, 8.0]",0.2611738898289891,0.4837158554388831,0.2929537586360629,0.2275431228205691,0.2142991871010764,0.4688125547875882,0.3808831567118256,0.2209211549608228,0.3724448726339361,-0.1599620017510028,-0.0084382840778894,0.5800234299359441,0.9778454785169882,
BPI12,RT,relative_prefix_bucket,60-80%,0.8455892164879655,0.9310967355753828,0.7118116030952536,0.7746745351498041,0.7958553341033221,1.177469821404484,0.9446407122498688,0.7852649346265631,0.8883429760316741,-0.1593757776233056,-0.0562977362181946,0.8312842379578186,0.9404030172655704,
BPI12,NT,activity_current,14,0.3188193951280335,0.2626367964454599,0.215917310199222,0.0032630027145952,0.0023935735225677,0.1078197672157674,0.1618685387074947,0.0028282881185815,0.2907280957867467,-0.1590402505889132,0.128859557079252,0.017472747583719,1.7960753714599738,O_CANCELLED
BPI20PrepaidTravelCosts,NT,relative_prefix_bucket,60-80%,0.376097135066553,0.4752141071237878,0.3687818663690628,0.3165482869540411,0.2981909284684763,0.5629706794513546,0.4658762729102087,0.3073696077112587,0.4256556210951704,-0.15850666519895,-0.0402206518150383,0.6597666066812121,0.9136666661219076,
BPI12,RT,branching_degree_bucket,"branch_deg_(11.0, 15.0]",0.4396835737594252,0.3366819414484605,0.3267873894538962,0.3036518338758305,0.3016370223643183,0.5885560212028632,0.4576717053283797,0.3026444281200744,0.3881827576039429,-0.1550272772083053,-0.0694889477244368,0.6612696930934956,0.8481685738589007,
BPI20PrepaidTravelCosts,NT,relative_prefix_bucket,40-60%,0.3976035034529943,0.4326090188618277,0.4480674220445815,0.3309651586056595,0.2994252151704695,0.4903788374815608,0.4692231297630712,0.3151951868880644,0.415106261157411,-0.1540279428750067,-0.0541168686056601,0.6717383839266804,0.8846670908295039,
BPI20PrepaidTravelCosts,NT,activity_current,16,0.2086438932525577,0.4702082496073875,0.211498101163118,0.1243107816695573,0.077752896320464,0.293877340044678,0.252687720603898,0.1010318389950107,0.3394260714299726,-0.1516558816088873,0.0867383508260746,0.3998288431014963,1.3432630229074003,Permit SUBMITTED by EMPLOYEE
BPI12,RT,branching_entropy_bucket,"branch_ent_(1.745, 2.639]",0.5031894263767014,0.4413698769793095,0.4348781879283921,0.3894565919511833,0.384181897530344,0.6404443781194474,0.5376612830239198,0.3868192447407637,0.4722796516780054,-0.1508420382831561,-0.0653816313459143,0.7194478325930614,0.8783962442335548,
BPI20PrepaidTravelCosts,RT,relative_prefix_bucket,80-100%,0.7443750976549781,0.205415305975244,0.3311450734781296,0.0720142328870097,0.0658416138439747,0.1037580976769265,0.217451585577528,0.0689279233654922,0.474895201815111,-0.1485236622120359,0.2574436162375829,0.3169805507852565,2.1839123433100767,
BPI12,RT,activity_current,23,0.4931783933407357,0.4055321628373708,0.361207445065511,0.3615484193228271,0.3649521123924735,0.6588186389579076,0.5100130420117093,0.3632502658576503,0.4493552780890533,-0.1467627761540589,-0.0606577639226559,0.7122372095129884,0.8810662494366892,W_Nabellen incomplete dossiers
BPI12,RT,nt_magnitude_bucket,"nt_mag_(-0.23498, -0.22964]",1.1608218276801738,1.257937054523688,1.0114812388237473,1.091993129706876,1.1242038567552413,1.4920132533479018,1.2517472460858243,1.1080984932310587,1.209379441101931,-0.1436487528547658,-0.0423678049838935,0.8852414069182488,0.9661530671496372,
BPI20RequestForPayment,NT,nt_magnitude_bucket,"nt_mag_(0.53498, 8.8586]",1.029465886567007,1.0850077097856567,1.1497476991786455,0.969931708130182,1.019066086082774,1.1232277103115385,1.136487704745092,0.994498897106478,1.0572367981763318,-0.141988807638614,-0.0792509065687603,0.8750634898681449,0.9302668157008036,
BPI20PrepaidTravelCosts,NT,activity_current,25,0.3623176529640105,0.4610072343451221,0.5273424654208101,0.4161553688165618,0.3176162900721154,0.4886501004050554,0.5079962829129328,0.3668858294443386,0.4116624436545663,-0.1411104534685941,-0.0963338392583664,0.7222214842607824,0.8103650705749801,Request For Payment REJECTED by EMPLOYEE
BPI20PrepaidTravelCosts,RT,prefix_length_bucket,11-20,0.760092090141583,0.2400413301000569,0.3344045491626565,0.098026743317221,0.1011510800936834,0.1469576718246049,0.2406811104936307,0.0995889117054522,0.5000667101208199,-0.1410921987881785,0.2593855996271892,0.4137795089161669,2.077714819809482,
BPI12,RT,branching_degree_bucket,"branch_deg_(9.0, 11.0]",1.1334307174812157,1.3940041565345358,0.9426186022254964,1.1272228498032997,1.175538163834445,1.6417544714885752,1.2921865368570358,1.1513805068188725,1.2637174370078756,-0.1408060300381635,-0.0284690998491601,0.8910327371304737,0.9779682739007596,
BPI12,RT,activity_current,24,1.1334307174812157,1.3940041565345358,0.9426186022254964,1.1272228498032997,1.175538163834445,1.6417544714885752,1.2921865368570358,1.1513805068188725,1.2637174370078756,-0.1408060300381635,-0.0284690998491601,0.8910327371304737,0.9779682739007596,W_Nabellen offertes
BPI20PrepaidTravelCosts,NT,prefix_length_bucket,4-5,0.5904843839328198,0.6403886943249806,0.6174408925319185,0.5134900152494901,0.4990703628597299,0.675175462337734,0.6463081774348263,0.50628018905461,0.6154365391289002,-0.1400279883802162,-0.030871638305926,0.7833417659420894,0.9522338732762836,
BPI12,NT,activity_current,18,0.1488181622535513,0.2992872702970839,0.1202786417122472,0.0058089591432036,0.0012577372161965,0.1613010021678188,0.140789821940033,0.0035333481797,0.2240527162753176,-0.1372564737603329,0.0832628943352845,0.0250966165807429,1.591398534268684,O_SENT
BPI20PrepaidTravelCosts,RT,activity_current,22,0.7306037763547566,0.3456492084314555,0.4467981961775674,0.1546665664969219,0.1908668006666832,0.1723251149265302,0.3095616555520488,0.1727666835818025,0.5381264923931061,-0.1367949719702462,0.2285648368410572,0.5581010454079125,1.7383499627350552,Request For Payment FINAL_APPROVED by SUPERVISOR
BPI12,RT,branching_entropy_bucket,"branch_ent_(1.535, 1.745]",1.111717521190997,1.3267441358723264,0.960892269861659,1.0967592404334214,1.1407078359280505,1.5481166009118408,1.2545044353867498,1.118733538180736,1.219230828531662,-0.1357708972060138,-0.0352736068550878,0.8917732824402831,0.9718824375107024,
BPI20PrepaidTravelCosts,RT,rt_magnitude_bucket,"rt_mag_(-0.79, -0.562]",0.7031043902130204,0.2448107280780733,0.3776506583213912,0.1183375874590922,0.1209699336484709,0.1154710307082588,0.246560844514825,0.1196537605537815,0.4739575591455469,-0.1269070839610434,0.2273967146307218,0.4852910071314552,1.9222742365203456,
BPI20PrepaidTravelCosts,RT,prefix_length_bucket,6-10,0.8114559528494371,0.3068839086376154,0.4007503733951806,0.1790801287810925,0.1792905555089265,0.2066475084526149,0.3036989409238978,0.1791853421450095,0.5591699307435263,-0.1245135987788882,0.2554709898196284,0.5900097695431561,1.841198158421124,
BPI12,RT,nt_magnitude_bucket,"nt_mag_(-0.22964, 19.69389]",1.2840318565569746,1.356576336997646,1.050108228769188,1.1965276198686785,1.2089712012416631,1.604295875651427,1.3272020522103074,1.2027494105551706,1.3203040967773103,-0.1244526416551368,-0.006897955432997,0.9062293179490832,0.9948026335390988,
BPI12,RT,rt_magnitude_bucket,"rt_mag_(-0.802, 0.0929]",0.4325284310969788,0.469499648129591,0.2873141298731488,0.3778075918931027,0.3966243595440896,0.7311501378929778,0.5092321338830633,0.3872159757185962,0.4510140396132849,-0.122016158164467,-0.0582180942697784,0.7603918722998615,0.8856747436069161,
BPI20PrepaidTravelCosts,NT,relative_prefix_bucket,20-40%,0.8096183164701235,1.1737372002827002,0.9090129559636552,0.7835358726956634,0.7780308632566382,0.8930874863519995,0.9010502211578272,0.7807833679761508,0.9916777583764118,-0.1202668531816765,0.0906275372185845,0.8665259156952022,1.1005798956490245,
BPI12,NT,prefix_length_bucket,1,0.1239997506714784,0.0435045286194308,0.1954217266219739,0.0037364329283054,0.0021432764255083,0.0482416970061731,0.1218317118140735,0.0029398546769068,0.0837521396454546,-0.1188918571371666,-0.0380795721686189,0.024130455307017,0.6874412121309446,
BPI12,NT,activity_current,12,0.1239997506714784,0.0435045286194308,0.1954217266219739,0.0037364329283054,0.0021432764255083,0.0482416970061731,0.1218317118140735,0.0029398546769068,0.0837521396454546,-0.1188918571371666,-0.0380795721686189,0.024130455307017,0.6874412121309446,A_SUBMITTED
BPI20RequestForPayment,NT,activity_current,18,0.3322148738487158,0.291358641727129,0.3466465637495275,0.2027087041235063,0.1978004855627659,0.287055929446069,0.3168512465977983,0.2002545948431361,0.3117867577879224,-0.1165966517546621,-0.0050644888098758,0.6320145399248925,0.9840161941470768,Request Payment
BPI12,NT,activity_current,8,0.1615973498672246,0.0614983800798654,0.1400070171803236,0.0045363150537014,0.0023071516305208,0.0989285016432404,0.119467759411782,0.0034217333421111,0.111547864973545,-0.1160460260696709,-0.0079198944382369,0.0286414791652454,0.9337068471256866,A_FINALIZED
BPI20TravelPermitData,NT,activity_current,50,0.3363402446820622,0.2683493527425389,0.1272115698812821,0.0816755031748693,0.0671596844889679,0.2537052045975412,0.1904583872394116,0.0744175938319186,0.3023447987123006,-0.1160407934074929,0.1118864114728889,0.3907288878718353,1.5874585682186024,Request Payment
BPI20PrepaidTravelCosts,NT,activity_current,18,0.2624492803923036,0.4601877179430348,0.2559993958673386,0.2358832573277297,0.2245084402156758,0.4353198448340569,0.3456596203506977,0.2301958487717028,0.3613184991676692,-0.1154637715789949,0.0156588788169714,0.6659610646396931,1.04530144076732,Request For Payment APPROVED by BUDGET OWNER
BPI20PrepaidTravelCosts,RT,activity_current,17,0.9132036656880492,0.2699074884354567,0.4465850329158656,0.2319815219588778,0.2410595761570294,0.2552624665505583,0.3509237497332119,0.2365205490579536,0.591555577061753,-0.1144032006752583,0.240631827328541,0.6739941347308844,1.6857097232988083,Request For Payment APPROVED by ADMINISTRATION
BPI20PrepaidTravelCosts,RT,nt_magnitude_bucket,"nt_mag_(-0.27855, 0.061119]",1.0075102405398797,0.5440192915533729,0.666475155092654,0.4810323456271602,0.4744668339786134,0.5164114164624836,0.5914432857775688,0.4777495898028868,0.7757647660466263,-0.1136936959746819,0.1843214802690574,0.8077690647460658,1.311646923215521,
BPI12,RT,prefix_length_bucket,2,1.0145130959382758,1.0256382294194124,1.0426988052095958,0.9603814543008284,0.9847813679750056,1.12892380821367,1.0858113067116328,0.972581411137917,1.020075662678844,-0.1132298955737158,-0.0657356440327887,0.8957186254427287,0.9394594220685836,
BPI12,RT,activity_current,9,1.0145130959382758,1.0256382294194124,1.0426988052095958,0.9603814543008284,0.9847813679750056,1.12892380821367,1.0858113067116328,0.972581411137917,1.020075662678844,-0.1132298955737158,-0.0657356440327887,0.8957186254427287,0.9394594220685836,A_PARTLYSUBMITTED
BPI20PrepaidTravelCosts,RT,branching_degree_bucket,"branch_deg_(4.0, 5.0]",0.8136284006417259,0.3486610541558811,0.4123034121368911,0.2397041086817243,0.2366020090714082,0.2900735050479465,0.3511884585924188,0.2381530588765663,0.5811447273988035,-0.1130353997158525,0.2299562688063847,0.6781346398201576,1.654794493327204,
BPI12,RT,branching_degree_bucket,"branch_deg_(5.0, 9.0]",1.4240935351871682,1.4957758845164155,1.1992743021778196,1.3220712142979618,1.338260316052744,1.6868795190570012,1.4430769106174104,1.330165765175353,1.459934709851792,-0.1129111454420574,0.0168577992343816,0.9217566682611884,1.0116818439199953,
BPI12,NT,branching_degree_bucket,"branch_deg_(0.999, 5.0]",0.1317547420043706,0.1134684548486728,0.1461709598889511,0.0051152639946824,0.002664205429421,0.0850069630966597,0.1155889614928054,0.0038897347120517,0.1226115984265217,-0.1116992267807536,0.0070226369337163,0.0336514374886384,1.0607552558913975,
BPI12,NT,activity_current,25,0.174386803011753,0.1361213451066212,0.1409785757385935,0.0588423730859979,0.0484122055315831,0.1883623370824501,0.1646704564105218,0.0536272893087905,0.1552540740591871,-0.1110431671017312,-0.0094163823513346,0.325664302375517,0.9428168078440268,W_Valideren aanvraag
BPI20PrepaidTravelCosts,NT,rt_magnitude_bucket,"rt_mag_(0.567, 5.259]",0.7666073280763684,1.1189958215981572,0.8710073211056084,0.749426043749911,0.7716394904902476,0.8720292557792907,0.8715182884424495,0.7605327671200792,0.9428015748372628,-0.1109855213223702,0.0712832863948134,0.8726526766056508,1.0817920717673162,
BPI20PrepaidTravelCosts,RT,activity_current,18,0.7892393462959377,0.3601026073654835,0.425252522479063,0.2095097113272239,0.208995100969834,0.2096120911468377,0.3174323068129503,0.209252406148529,0.5746709768307107,-0.1081799006644213,0.2572386700177603,0.6592032432030704,1.8103733126613997,Request For Payment APPROVED by BUDGET OWNER
BPI17,RT,rt_magnitude_bucket,"rt_mag_(-1.0499999999999998, -0.81]",0.1908370570071692,0.2351483937425231,0.2124113257088273,0.085580760066949,0.0486058289564928,0.1368398928815878,0.1746256092952076,0.0670932945117209,0.2129927253748462,-0.1075323147834866,0.0383671160796386,0.3842122285643602,1.2197107070062003,
BPI12,NT,nt_magnitude_bucket,"nt_mag_(-0.23529, -0.23527]",0.1457491528868613,0.1313751951724699,0.1566736441855163,0.0149528674476651,0.0129878163670075,0.0848713091342644,0.1207724766598903,0.0139703419073363,0.1385621740296656,-0.1068021347525539,0.0177896973697752,0.1156748813446834,1.1472992676955127,
BPI12,NT,activity_current,17,0.1279407086937377,0.1270216619595885,0.1111752164239684,0.0025571544344226,0.0015970962122082,0.1039313646033406,0.1075532905136545,0.0020771253233154,0.1274811853266631,-0.1054761651903391,0.0199278948130085,0.0193125223170346,1.1852839157020365,O_SELECTED
BPI20PrepaidTravelCosts,RT,rt_magnitude_bucket,"rt_mag_(-0.562, -0.263]",0.6256395028835859,0.2757629540196306,0.4904829124511406,0.2249094304718457,0.2714397228927667,0.2162320306469617,0.3533574715490511,0.2481745766823062,0.4507012284516083,-0.1051828948667449,0.0973437569025571,0.7023328970358448,1.2754823790079233,
BPI12,RT,activity_current,22,1.7652118187497006,1.878238200251736,1.4527116493006218,1.6519295333036736,1.6775826440542254,2.0855666699567075,1.7691391596286643,1.6647560886789496,1.8217250095007185,-0.1043830709497148,0.0525858498720537,0.9409978178473962,1.0297239759720718,W_Completeren aanvraag
BPI12,RT,case_length_bucket,51-100,1.108997103241932,1.1579519017407196,0.8933328640708122,1.007489807870371,1.0473513064962598,1.3679788865604758,1.130655875315644,1.0274205571833153,1.133474502491326,-0.1032353181323286,0.002818627175682,0.9086943070954204,1.002492913394091,
BPI20TravelPermitData,NT,activity_current,36,0.3344744234345853,0.1944146631285548,0.202770163770765,0.1355191997252404,0.1321486531756818,0.270604623761028,0.2366873937658965,0.1338339264504611,0.2644445432815701,-0.1028534673154354,0.0277571495156735,0.5654459425195835,1.1172734596212912,Request For Payment APPROVED by ADMINISTRATION
BPI20PrepaidTravelCosts,NT,rt_magnitude_bucket,"rt_mag_(-0.263, 0.567]",0.3744274547161064,0.5820271200974159,0.3931301542671886,0.3206544557165603,0.2826932663041498,0.4158109365089907,0.4044705453880897,0.3016738610103551,0.4782272874067611,-0.1027966843777345,0.0737567420186714,0.7458487755168893,1.1823538026678848,
BPI12,RT,activity_current,20,0.9767729428409734,0.9808736588531292,0.9831039507686296,0.95404568924091,0.9542195926695012,1.1302490048249785,1.056676477796804,0.9541326409552056,0.9788233008470512,-0.1025438368415985,-0.0778531769497528,0.9029562605051976,0.9263225986518802,W_Afhandelen leads
BPI17,NT,activity_current,3,0.2127480628313841,0.111826644986178,0.1668956134882238,0.0027107991002224,0.0030607412810678,0.0418267611552167,0.1043611873217203,0.0028857701906451,0.1622873539087811,-0.1014754171310751,0.0579261665870608,0.0276517569865223,1.5550546910556742,A_Accepted
BPI12,RT,rt_magnitude_bucket,"rt_mag_(1.206, 2.647]",2.652031873436336,2.8643358566346224,2.337894132260059,2.4968469147561354,2.5953728379205154,2.954599763508196,2.6462469478841277,2.5461098763383254,2.7581838650354795,-0.1001370715458018,0.1119369171513522,0.9621588334278972,1.0423002536633454,
BPI12,NT,activity_current,9,0.1510810874142619,0.0794128196877102,0.1419825202590504,0.0046726212252018,0.0022776665729145,0.0652045933313148,0.1035935567951826,0.0034751438990581,0.115246953550986,-0.1001184128961244,0.0116533967558034,0.0335459463558045,1.1124915208659518,A_PARTLYSUBMITTED
BPI12,NT,prefix_length_bucket,2,0.1510810874142619,0.0794128196877102,0.1419825202590504,0.0046726212252018,0.0022776665729145,0.0652045933313148,0.1035935567951826,0.0034751438990581,0.115246953550986,-0.1001184128961244,0.0116533967558034,0.0335459463558045,1.1124915208659518,
BPI20TravelPermitData,NT,activity_current,17,0.3761253287335356,0.172010060622842,0.1854198029819697,0.1320882782250821,0.1296248816087574,0.2728466460269368,0.2291332245044532,0.1308565799169198,0.2740676946781888,-0.0982766445875334,0.0449344701737355,0.5710938699523977,1.1961063057132608,Declaration SUBMITTED by EMPLOYEE
BPI12,NT,activity_current,15,0.1360405689662658,0.0749960588138611,0.1366896245811806,0.0017756218792962,0.0020023550166458,0.0632399188690498,0.0999647717251152,0.001888988447971,0.1055183138900635,-0.0980757832771442,0.0055535421649482,0.0188965414052602,1.0555549927150285,O_CREATED
BPI12,NT,branching_entropy_bucket,"branch_ent_(1.745, 2.639]",0.1601072837336194,0.143643762726905,0.1459663273565376,0.0417495586167452,0.0361460641665794,0.1253845171166299,0.1356754222365838,0.0389478113916623,0.1518755232302622,-0.0967276108449214,0.0162001009936784,0.2870660783627206,1.1194033578567348,
BPI20PrepaidTravelCosts,NT,branching_degree_bucket,"branch_deg_(8.0, 10.0]",0.9287267927299252,1.352424112089444,1.0462928807870484,0.9322003458320784,0.9219688604851254,1.0012630701023153,1.023777975444682,0.927084603158602,1.1405754524096847,-0.0966933722860798,0.1167974769650028,0.9055524004175995,1.1140847720564329,
BPI20TravelPermitData,RT,activity_current,36,0.9923033793224022,0.9582441516686232,0.9500934292096644,0.8180178674403578,0.8138163572642952,0.8746959524694831,0.9123946908395736,0.8159171123523266,0.9752737654955126,-0.0964775784872471,0.0628790746559389,0.894258943573565,1.0689165284358224,Request For Payment APPROVED by ADMINISTRATION
BPI20TravelPermitData,NT,case_length_bucket,4-5,1.353499499925065,1.3168379411859028,1.277214179794162,1.214534916615082,1.1790460234476348,1.3083391036933003,1.2927766417437312,1.1967904700313583,1.335168720555484,-0.0959861717123728,0.0423920788117526,0.9257519291322404,1.0327914950215786,
BPI20PrepaidTravelCosts,RT,branching_entropy_bucket,"branch_ent_(1.285, 1.937]",1.1847045175276618,0.6779506169205394,0.8041665662509896,0.6854862564797346,0.6827580603965535,0.7544304981819298,0.7792985322164596,0.6841221584381441,0.9313275672241006,-0.0951763737783155,0.1520290350076409,0.8778691735661076,1.1950844621447498,
BPI20PrepaidTravelCosts,NT,activity_current,5,0.2552062618122316,1.0653719548016596,0.3365388154290998,0.2533604642734505,0.2538871586663075,0.3609570325591052,0.3487479239941025,0.253623811469879,0.6602891083069456,-0.0951241125242235,0.3115411843128431,0.727241064449083,1.8933133730083835,Permit APPROVED by BUDGET OWNER
